Workbook

Sheet Summary
A1: Leaf-wax biosynthesis empirical validation database
A3: Inventory | B3: Value
A4: Gao 2014 common-garden rows | B4: =COUNTA(Gao2014_Samples!A2:A500) -> 102 | D4: Observation type | E4: Sheets | F4: Model constraint
A5: Tipple 2015 controlled-treatment rows | B5: =COUNTA(Tipple2015_Treatments!A2:A500) -> 24 | D5: Direct leaf water → wax ε | E5: Tipple2015; Liu2016 | F5: Absolute biosynthetic fractionation
A6: Liu 2016 segmented-leaf rows | B6: =COUNTA(Liu2016_Segmented!A2:A500) -> 43 | D6: C27–C33 homolog spacing | E6: Gao2014; Tipple2021_PANGAEA | F6: ER vs plastid reaction/source weighting
A7: Liu 2016 whole-leaf rows | B7: =COUNTA(Liu2016_WholeLeaf!A2:A500) -> 21 | D7: Species variance, common environment | E7: Gao2014 | F7: Hierarchical biochemical prior variance
A8: Tipple 2021 PANGAEA plant rows | B8: =COUNTA(Tipple2021_PANGAEA!A2:A500) -> 97 | D8: Metabolic perturbation | E8: Lehmann2024; Baan2023 | F8: Source-state/reaction physiological modulation
A9: Direct observations | B9: =SUM(B4:B8) -> 287 | D9: Field source/xylem → wax ε | E9: Gao2014; Feakins2016 pending | F9: Leaf + biosynthesis apparent fractionation
A10: Ardenghi 2024 aggregate species-season rows | B10: =COUNTA(Ardenghi2024_Epsilon!A2:A500) -> 27 | D10: MAP → wax ε | E10: Ardenghi2024 | F10: Whole-model apparent fractionation
A11: Studies in registry | B11: =COUNTA(Study_Registry!A2:A100) -> 18 | D11: Wax formation timing | E11: Tipple2013; Sachse2010 | F11: Production/turnover integration

Sheet Gao2014_Samples
A1: Study_ID | B1: Sample_ID | C1: Lineage | D1: Scientific_Name | E1: Growth_Form | F1: C24_n_acid_dD_permil | G1: C26_n_acid_dD_permil | H1: C28_n_acid_dD_permil | I1: C30_n_acid_dD_permil | J1: C27_n_alkane_dD_permil | K1: C29_n_alkane_dD_permil | L1: C31_n_alkane_dD_permil | M1: LeafWater_dD_permil | N1: XylemWater_dD_permil | O1: EnvironmentalWater_dD_permil | P1: Eps_C27_vs_Xylem_permil | Q1: Eps_C29_vs_Xylem_permil | R1: Eps_C31_vs_Xylem_permil | S1: Eps_C27_vs_LeafWater_permil | T1: Eps_C29_vs_LeafWater_permil | U1: Eps_C31_vs_LeafWater_permil | V1: Eps_C27_vs_EnvWater_permil | W1: Eps_C29_vs_EnvWater_permil | X1: Eps_C31_vs_EnvWater_permil | Y1: C29_minus_C27_permil | Z1: C31_minus_C29_permil | AA1: DOI | AB1: Source_URL | AC1: Supplement_URL
A2: Gao2014 | B2: sp1 | C2: Lycop | D2: Selaginella moellendorffii | E2: F/H | F2: -141 | G2: -137 | J2: -117 | K2: -129 | O2: -57 | P2: =IF(OR(J2="",N2=""),"",1000*((1+J2/1000)/(1+N2/1000)-1)) | Q2: =IF(OR(K2="",N2=""),"",1000*((1+K2/1000)/(1+N2/1000)-1)) | R2: =IF(OR(L2="",N2=""),"",1000*((1+L2/1000)/(1+N2/1000)-1)) | S2: =IF(OR(J2="",M2=""),"",1000*((1+J2/1000)/(1+M2/1000)-1)) | T2: =IF(OR(K2="",M2=""),"",1000*((1+K2/1000)/(1+M2/1000)-1)) | U2: =IF(OR(L2="",M2=""),"",1000*((1+L2/1000)/(1+M2/1000)-1)) | V2: =IF(J2="","",1000*((1+J2/1000)/(1+O2/1000)-1)) -> -63.626723 | W2: =IF(K2="","",1000*((1+K2/1000)/(1+O2/1000)-1)) -> -76.352068 | X2: =IF(L2="","",1000*((1+L2/1000)/(1+O2/1000)-1)) | Y2: =IF(OR(J2="",K2=""),"",K2-J2) -> -12 | Z2: =IF(OR(K2="",L2=""),"",L2-K2) | AA2: 10.1371/journal.pone.0112610 | AB2: https://journals.plos.org/plosone/article?id=10.1371/journal.pone.0112610 | AC2: https://doi.org/10.1371/journal.pone.0112610.s008
A3: Gao2014 | B3: sp2 | C3: Lycop | D3: Selaginella huehuetenangensis | E3: F/H | F3: -132 | G3: -121 | H3: -131 | J3: -119 | K3: -133 | L3: -109 | O3: -57 | P3: =IF(OR(J3="",N3=""),"",1000*((1+J3/1000)/(1+N3/1000)-1)) | Q3: =IF(OR(K3="",N3=""),"",1000*((1+K3/1000)/(1+N3/1000)-1)) | R3: =IF(OR(L3="",N3=""),"",1000*((1+L3/1000)/(1+N3/1000)-1)) | S3: =IF(OR(J3="",M3=""),"",1000*((1+J3/1000)/(1+M3/1000)-1)) | T3: =IF(OR(K3="",M3=""),"",1000*((1+K3/1000)/(1+M3/1000)-1)) | U3: =IF(OR(L3="",M3=""),"",1000*((1+L3/1000)/(1+M3/1000)-1)) | V3: =IF(J3="","",1000*((1+J3/1000)/(1+O3/1000)-1)) -> -65.747614 | W3: =IF(K3="","",1000*((1+K3/1000)/(1+O3/1000)-1)) -> -80.593849 | X3: =IF(L3="","",1000*((1+L3/1000)/(1+O3/1000)-1)) -> -55.14316 | Y3: =IF(OR(J3="",K3=""),"",K3-J3) -> -14 | Z3: =IF(OR(K3="",L3=""),"",L3-K3) -> 24 | AA3: 10.1371/journal.pone.0112610 | AB3: https://journals.plos.org/plosone/article?id=10.1371/journal.pone.0112610 | AC3: https://doi.org/10.1371/journal.pone.0112610.s008
A4: Gao2014 | B4: sp3 | C4: Lycop | D4: Selaginella schiedeana | E4: F/H | F4: -125 | G4: -134 | H4: -129 | I4: -124 | J4: -129 | K4: -118 | O4: -57 | P4: =IF(OR(J4="",N4=""),"",1000*((1+J4/1000)/(1+N4/1000)-1)) | Q4: =IF(OR(K4="",N4=""),"",1000*((1+K4/1000)/(1+N4/1000)-1)) | R4: =IF(OR(L4="",N4=""),"",1000*((1+L4/1000)/(1+N4/1000)-1)) | S4: =IF(OR(J4="",M4=""),"",1000*((1+J4/1000)/(1+M4/1000)-1)) | T4: =IF(OR(K4="",M4=""),"",1000*((1+K4/1000)/(1+M4/1000)-1)) | U4: =IF(OR(L4="",M4=""),"",1000*((1+L4/1000)/(1+M4/1000)-1)) | V4: =IF(J4="","",1000*((1+J4/1000)/(1+O4/1000)-1)) -> -76.352068 | W4: =IF(K4="","",1000*((1+K4/1000)/(1+O4/1000)-1)) -> -64.687169 | X4: =IF(L4="","",1000*((1+L4/1000)/(1+O4/1000)-1)) | Y4: =IF(OR(J4="",K4=""),"",K4-J4) -> 11 | Z4: =IF(OR(K4="",L4=""),"",L4-K4) | AA4: 10.1371/journal.pone.0112610 | AB4: https://journals.plos.org/plosone/article?id=10.1371/journal.pone.0112610 | AC4: https://doi.org/10.1371/journal.pone.0112610.s008
A5: Gao2014 | B5: sp4 | C5: Lycop | D5: Selaginella kraussiana | E5: F/H | F5: -192 | G5: -189 | H5: -182 | I5: -193 | J5: -200 | K5: -172 | O5: -57 | P5: =IF(OR(J5="",N5=""),"",1000*((1+J5/1000)/(1+N5/1000)-1)) | Q5: =IF(OR(K5="",N5=""),"",1000*((1+K5/1000)/(1+N5/1000)-1)) | R5: =IF(OR(L5="",N5=""),"",1000*((1+L5/1000)/(1+N5/1000)-1)) | S5: =IF(OR(J5="",M5=""),"",1000*((1+J5/1000)/(1+M5/1000)-1)) | T5: =IF(OR(K5="",M5=""),"",1000*((1+K5/1000)/(1+M5/1000)-1)) | U5: =IF(OR(L5="",M5=""),"",1000*((1+L5/1000)/(1+M5/1000)-1)) | V5: =IF(J5="","",1000*((1+J5/1000)/(1+O5/1000)-1)) -> -151.64369 | W5: =IF(K5="","",1000*((1+K5/1000)/(1+O5/1000)-1)) -> -121.95122 | X5: =IF(L5="","",1000*((1+L5/1000)/(1+O5/1000)-1)) | Y5: =IF(OR(J5="",K5=""),"",K5-J5) -> 28 | Z5: =IF(OR(K5="",L5=""),"",L5-K5) | AA5: 10.1371/journal.pone.0112610 | AB5: https://journals.plos.org/plosone/article?id=10.1371/journal.pone.0112610 | AC5: https://doi.org/10.1371/journal.pone.0112610.s008
A6: Gao2014 | B6: sp5 | C6: Lycop | D6: Huperzia squarrosa | E6: F/H | F6: -129 | G6: -132 | H6: -113 | J6: -126 | K6: -129 | O6: -57 | P6: =IF(OR(J6="",N6=""),"",1000*((1+J6/1000)/(1+N6/1000)-1)) | Q6: =IF(OR(K6="",N6=""),"",1000*((1+K6/1000)/(1+N6/1000)-1)) | R6: =IF(OR(L6="",N6=""),"",1000*((1+L6/1000)/(1+N6/1000)-1)) | S6: =IF(OR(J6="",M6=""),"",1000*((1+J6/1000)/(1+M6/1000)-1)) | T6: =IF(OR(K6="",M6=""),"",1000*((1+K6/1000)/(1+M6/1000)-1)) | U6: =IF(OR(L6="",M6=""),"",1000*((1+L6/1000)/(1+M6/1000)-1)) | V6: =IF(J6="","",1000*((1+J6/1000)/(1+O6/1000)-1)) -> -73.170732 | W6: =IF(K6="","",1000*((1+K6/1000)/(1+O6/1000)-1)) -> -76.352068 | X6: =IF(L6="","",1000*((1+L6/1000)/(1+O6/1000)-1)) | Y6: =IF(OR(J6="",K6=""),"",K6-J6) -> -3 | Z6: =IF(OR(K6="",L6=""),"",L6-K6) | AA6: 10.1371/journal.pone.0112610 | AB6: https://journals.plos.org/plosone/article?id=10.1371/journal.pone.0112610 | AC6: https://doi.org/10.1371/journal.pone.0112610.s008
A7: Gao2014 | B7: sp6 | C7: Lycop | D7: Huperzia sp. | E7: F/H | F7: -124 | G7: -122 | H7: -98 | J7: -98 | K7: -112 | O7: -57 | P7: =IF(OR(J7="",N7=""),"",1000*((1+J7/1000)/(1+N7/1000)-1)) | Q7: =IF(OR(K7="",N7=""),"",1000*((1+K7/1000)/(1+N7/1000)-1)) | R7: =IF(OR(L7="",N7=""),"",1000*((1+L7/1000)/(1+N7/1000)-1)) | S7: =IF(OR(J7="",M7=""),"",1000*((1+J7/1000)/(1+M7/1000)-1)) | T7: =IF(OR(K7="",M7=""),"",1000*((1+K7/1000)/(1+M7/1000)-1)) | U7: =IF(OR(L7="",M7=""),"",1000*((1+L7/1000)/(1+M7/1000)-1)) | V7: =IF(J7="","",1000*((1+J7/1000)/(1+O7/1000)-1)) -> -43.478261 | W7: =IF(K7="","",1000*((1+K7/1000)/(1+O7/1000)-1)) -> -58.324496 | X7: =IF(L7="","",1000*((1+L7/1000)/(1+O7/1000)-1)) | Y7: =IF(OR(J7="",K7=""),"",K7-J7) -> -14 | Z7: =IF(OR(K7="",L7=""),"",L7-K7) | AA7: 10.1371/journal.pone.0112610 | AB7: https://journals.plos.org/plosone/article?id=10.1371/journal.pone.0112610 | AC7: https://doi.org/10.1371/journal.pone.0112610.s008
A8: Gao2014 | B8: sp7 | C8: Lycop | D8: Selaginella mosorongensis | E8: F/H | F8: -137 | G8: -139 | H8: -143 | I8: -175 | J8: -139 | K8: -170 | L8: -182 | O8: -57 | P8: =IF(OR(J8="",N8=""),"",1000*((1+J8/1000)/(1+N8/1000)-1)) | Q8: =IF(OR(K8="",N8=""),"",1000*((1+K8/1000)/(1+N8/1000)-1)) | R8: =IF(OR(L8="",N8=""),"",1000*((1+L8/1000)/(1+N8/1000)-1)) | S8: =IF(OR(J8="",M8=""),"",1000*((1+J8/1000)/(1+M8/1000)-1)) | T8: =IF(OR(K8="",M8=""),"",1000*((1+K8/1000)/(1+M8/1000)-1)) | U8: =IF(OR(L8="",M8=""),"",1000*((1+L8/1000)/(1+M8/1000)-1)) | V8: =IF(J8="","",1000*((1+J8/1000)/(1+O8/1000)-1)) -> -86.956522 | W8: =IF(K8="","",1000*((1+K8/1000)/(1+O8/1000)-1)) -> -119.83033 | X8: =IF(L8="","",1000*((1+L8/1000)/(1+O8/1000)-1)) -> -132.55567 | Y8: =IF(OR(J8="",K8=""),"",K8-J8) -> -31 | Z8: =IF(OR(K8="",L8=""),"",L8-K8) -> -12 | AA8: 10.1371/journal.pone.0112610 | AB8: https://journals.plos.org/plosone/article?id=10.1371/journal.pone.0112610 | AC8: https://doi.org/10.1371/journal.pone.0112610.s008
A9: Gao2014 | B9: sp8 | C9: Lycop | D9: Selaginella mickelii | E9: F/H | F9: -132 | G9: -129 | H9: -127 | I9: -96 | J9: -126 | K9: -137 | L9: -117 | O9: -57 | P9: =IF(OR(J9="",N9=""),"",1000*((1+J9/1000)/(1+N9/1000)-1)) | Q9: =IF(OR(K9="",N9=""),"",1000*((1+K9/1000)/(1+N9/1000)-1)) | R9: =IF(OR(L9="",N9=""),"",1000*((1+L9/1000)/(1+N9/1000)-1)) | S9: =IF(OR(J9="",M9=""),"",1000*((1+J9/1000)/(1+M9/1000)-1)) | T9: =IF(OR(K9="",M9=""),"",1000*((1+K9/1000)/(1+M9/1000)-1)) | U9: =IF(OR(L9="",M9=""),"",1000*((1+L9/1000)/(1+M9/1000)-1)) | V9: =IF(J9="","",1000*((1+J9/1000)/(1+O9/1000)-1)) -> -73.170732 | W9: =IF(K9="","",1000*((1+K9/1000)/(1+O9/1000)-1)) -> -84.835631 | X9: =IF(L9="","",1000*((1+L9/1000)/(1+O9/1000)-1)) -> -63.626723 | Y9: =IF(OR(J9="",K9=""),"",K9-J9) -> -11 | Z9: =IF(OR(K9="",L9=""),"",L9-K9) -> 20 | AA9: 10.1371/journal.pone.0112610 | AB9: https://journals.plos.org/plosone/article?id=10.1371/journal.pone.0112610 | AC9: https://doi.org/10.1371/journal.pone.0112610.s008
A10: Gao2014 | B10: sp9 | C10: Lycop | D10: Selaginella galeottii | E10: F/H | J10: -101 | O10: -57 | P10: =IF(OR(J10="",N10=""),"",1000*((1+J10/1000)/(1+N10/1000)-1)) | Q10: =IF(OR(K10="",N10=""),"",1000*((1+K10/1000)/(1+N10/1000)-1)) | R10: =IF(OR(L10="",N10=""),"",1000*((1+L10/1000)/(1+N10/1000)-1)) | S10: =IF(OR(J10="",M10=""),"",1000*((1+J10/1000)/(1+M10/1000)-1)) | T10: =IF(OR(K10="",M10=""),"",1000*((1+K10/1000)/(1+M10/1000)-1)) | U10: =IF(OR(L10="",M10=""),"",1000*((1+L10/1000)/(1+M10/1000)-1)) | V10: =IF(J10="","",1000*((1+J10/1000)/(1+O10/1000)-1)) -> -46.659597 | W10: =IF(K10="","",1000*((1+K10/1000)/(1+O10/1000)-1)) | X10: =IF(L10="","",1000*((1+L10/1000)/(1+O10/1000)-1)) | Y10: =IF(OR(J10="",K10=""),"",K10-J10) | Z10: =IF(OR(K10="",L10=""),"",L10-K10) | AA10: 10.1371/journal.pone.0112610 | AB10: https://journals.plos.org/plosone/article?id=10.1371/journal.pone.0112610 | AC10: https://doi.org/10.1371/journal.pone.0112610.s008
A11: Gao2014 | B11: sp10 | C11: Lycop | D11: Selaginella brauniii | E11: F/H | F11: -177 | G11: -179 | H11: -175 | J11: -139 | K11: -139 | O11: -57 | P11: =IF(OR(J11="",N11=""),"",1000*((1+J11/1000)/(1+N11/1000)-1)) | Q11: =IF(OR(K11="",N11=""),"",1000*((1+K11/1000)/(1+N11/1000)-1)) | R11: =IF(OR(L11="",N11=""),"",1000*((1+L11/1000)/(1+N11/1000)-1)) | S11: =IF(OR(J11="",M11=""),"",1000*((1+J11/1000)/(1+M11/1000)-1)) | T11: =IF(OR(K11="",M11=""),"",1000*((1+K11/1000)/(1+M11/1000)-1)) | U11: =IF(OR(L11="",M11=""),"",1000*((1+L11/1000)/(1+M11/1000)-1)) | V11: =IF(J11="","",1000*((1+J11/1000)/(1+O11/1000)-1)) -> -86.956522 | W11: =IF(K11="","",1000*((1+K11/1000)/(1+O11/1000)-1)) -> -86.956522 | X11: =IF(L11="","",1000*((1+L11/1000)/(1+O11/1000)-1)) | Y11: =IF(OR(J11="",K11=""),"",K11-J11) -> 0 | Z11: =IF(OR(K11="",L11=""),"",L11-K11) | AA11: 10.1371/journal.pone.0112610 | AB11: https://journals.plos.org/plosone/article?id=10.1371/journal.pone.0112610 | AC11: https://doi.org/10.1371/journal.pone.0112610.s008
A12: Gao2014 | B12: sp11 | C12: Fern | D12: Dicksonia antartica | E12: Tree | F12: -171 | G12: -155 | H12: -147 | I12: -141 | K12: -143 | L12: -164 | M12: -17.6 | N12: -44 | O12: -57 | P12: =IF(OR(J12="",N12=""),"",1000*((1+J12/1000)/(1+N12/1000)-1)) | Q12: =IF(OR(K12="",N12=""),"",1000*((1+K12/1000)/(1+N12/1000)-1)) -> -103.55649 | R12: =IF(OR(L12="",N12=""),"",1000*((1+L12/1000)/(1+N12/1000)-1)) -> -125.52301 | S12: =IF(OR(J12="",M12=""),"",1000*((1+J12/1000)/(1+M12/1000)-1)) | T12: =IF(OR(K12="",M12=""),"",1000*((1+K12/1000)/(1+M12/1000)-1)) -> -127.64658 | U12: =IF(OR(L12="",M12=""),"",1000*((1+L12/1000)/(1+M12/1000)-1)) -> -149.0228 | V12: =IF(J12="","",1000*((1+J12/1000)/(1+O12/1000)-1)) | W12: =IF(K12="","",1000*((1+K12/1000)/(1+O12/1000)-1)) -> -91.198303 | X12: =IF(L12="","",1000*((1+L12/1000)/(1+O12/1000)-1)) -> -113.46766 | Y12: =IF(OR(J12="",K12=""),"",K12-J12) | Z12: =IF(OR(K12="",L12=""),"",L12-K12) -> -21 | AA12: 10.1371/journal.pone.0112610 | AB12: https://journals.plos.org/plosone/article?id=10.1371/journal.pone.0112610 | AC12: https://doi.org/10.1371/journal.pone.0112610.s008
A13: Gao2014 | B13: sp12 | C13: Fern | D13: Alsophila firma | E13: Tree | F13: -111 | G13: -117 | H13: -148 | I13: -124 | J13: -110 | K13: -116 | L13: -114 | M13: -1.9 | N13: -49.9 | O13: -57 | P13: =IF(OR(J13="",N13=""),"",1000*((1+J13/1000)/(1+N13/1000)-1)) -> -63.256499 | Q13: =IF(OR(K13="",N13=""),"",1000*((1+K13/1000)/(1+N13/1000)-1)) -> -69.571624 | R13: =IF(OR(L13="",N13=""),"",1000*((1+L13/1000)/(1+N13/1000)-1)) -> -67.466582 | S13: =IF(OR(J13="",M13=""),"",1000*((1+J13/1000)/(1+M13/1000)-1)) -> -108.30578 | T13: =IF(OR(K13="",M13=""),"",1000*((1+K13/1000)/(1+M13/1000)-1)) -> -114.3172 | U13: =IF(OR(L13="",M13=""),"",1000*((1+L13/1000)/(1+M13/1000)-1)) -> -112.3134 | V13: =IF(J13="","",1000*((1+J13/1000)/(1+O13/1000)-1)) -> -56.203606 | W13: =IF(K13="","",1000*((1+K13/1000)/(1+O13/1000)-1)) -> -62.566278 | X13: =IF(L13="","",1000*((1+L13/1000)/(1+O13/1000)-1)) -> -60.445387 | Y13: =IF(OR(J13="",K13=""),"",K13-J13) -> -6 | Z13: =IF(OR(K13="",L13=""),"",L13-K13) -> 2 | AA13: 10.1371/journal.pone.0112610 | AB13: https://journals.plos.org/plosone/article?id=10.1371/journal.pone.0112610 | AC13: https://doi.org/10.1371/journal.pone.0112610.s008
A14: Gao2014 | B14: sp13 | C14: Fern | D14: Matteuccia struthiopteris | E14: F/H | F14: -123 | G14: -127 | H14: -129 | I14: -117 | J14: -128 | K14: -127 | L14: -160 | M14: -3.7 | N14: -34.7 | O14: -57 | P14: =IF(OR(J14="",N14=""),"",1000*((1+J14/1000)/(1+N14/1000)-1)) -> -96.65389 | Q14: =IF(OR(K14="",N14=""),"",1000*((1+K14/1000)/(1+N14/1000)-1)) -> -95.617943 | R14: =IF(OR(L14="",N14=""),"",1000*((1+L14/1000)/(1+N14/1000)-1)) -> -129.80421 | S14: =IF(OR(J14="",M14=""),"",1000*((1+J14/1000)/(1+M14/1000)-1)) -> -124.76162 | T14: =IF(OR(K14="",M14=""),"",1000*((1+K14/1000)/(1+M14/1000)-1)) -> -123.7579 | U14: =IF(OR(L14="",M14=""),"",1000*((1+L14/1000)/(1+M14/1000)-1)) -> -156.88046 | V14: =IF(J14="","",1000*((1+J14/1000)/(1+O14/1000)-1)) -> -75.291622 | W14: =IF(K14="","",1000*((1+K14/1000)/(1+O14/1000)-1)) -> -74.231177 | X14: =IF(L14="","",1000*((1+L14/1000)/(1+O14/1000)-1)) -> -109.22587 | Y14: =IF(OR(J14="",K14=""),"",K14-J14) -> 1 | Z14: =IF(OR(K14="",L14=""),"",L14-K14) -> -33 | AA14: 10.1371/journal.pone.0112610 | AB14: https://journals.plos.org/plosone/article?id=10.1371/journal.pone.0112610 | AC14: https://doi.org/10.1371/journal.pone.0112610.s008
A15: Gao2014 | B15: sp14 | C15: Fern | D15: Adiantum pedatum | E15: F/H | F15: -111 | G15: -119 | H15: -113 | J15: -118 | K15: -182 | M15: -17.5 | N15: -38.8 | O15: -57 | P15: =IF(OR(J15="",N15=""),"",1000*((1+J15/1000)/(1+N15/1000)-1)) -> -82.397004 | Q15: =IF(OR(K15="",N15=""),"",1000*((1+K15/1000)/(1+N15/1000)-1)) -> -148.98044 | R15: =IF(OR(L15="",N15=""),"",1000*((1+L15/1000)/(1+N15/1000)-1)) | S15: =IF(OR(J15="",M15=""),"",1000*((1+J15/1000)/(1+M15/1000)-1)) -> -102.29008 | T15: =IF(OR(K15="",M15=""),"",1000*((1+K15/1000)/(1+M15/1000)-1)) -> -167.43003 | U15: =IF(OR(L15="",M15=""),"",1000*((1+L15/1000)/(1+M15/1000)-1)) | V15: =IF(J15="","",1000*((1+J15/1000)/(1+O15/1000)-1)) -> -64.687169 | W15: =IF(K15="","",1000*((1+K15/1000)/(1+O15/1000)-1)) -> -132.55567 | X15: =IF(L15="","",1000*((1+L15/1000)/(1+O15/1000)-1)) | Y15: =IF(OR(J15="",K15=""),"",K15-J15) -> -64 | Z15: =IF(OR(K15="",L15=""),"",L15-K15) | AA15: 10.1371/journal.pone.0112610 | AB15: https://journals.plos.org/plosone/article?id=10.1371/journal.pone.0112610 | AC15: https://doi.org/10.1371/journal.pone.0112610.s008
A16: Gao2014 | B16: sp15 | C16: Fern* | D16: Marattia attenuata | E16: F/H | F16: -155 | G16: -168 | H16: -203 | I16: -164 | O16: -57 | P16: =IF(OR(J16="",N16=""),"",1000*((1+J16/1000)/(1+N16/1000)-1)) | Q16: =IF(OR(K16="",N16=""),"",1000*((1+K16/1000)/(1+N16/1000)-1)) | R16: =IF(OR(L16="",N16=""),"",1000*((1+L16/1000)/(1+N16/1000)-1)) | S16: =IF(OR(J16="",M16=""),"",1000*((1+J16/1000)/(1+M16/1000)-1)) | T16: =IF(OR(K16="",M16=""),"",1000*((1+K16/1000)/(1+M16/1000)-1)) | U16: =IF(OR(L16="",M16=""),"",1000*((1+L16/1000)/(1+M16/1000)-1)) | V16: =IF(J16="","",1000*((1+J16/1000)/(1+O16/1000)-1)) | W16: =IF(K16="","",1000*((1+K16/1000)/(1+O16/1000)-1)) | X16: =IF(L16="","",1000*((1+L16/1000)/(1+O16/1000)-1)) | Y16: =IF(OR(J16="",K16=""),"",K16-J16) | Z16: =IF(OR(K16="",L16=""),"",L16-K16) | AA16: 10.1371/journal.pone.0112610 | AB16: https://journals.plos.org/plosone/article?id=10.1371/journal.pone.0112610 | AC16: https://doi.org/10.1371/journal.pone.0112610.s008
A17: Gao2014 | B17: sp16 | C17: Fern* | D17: Dennstaedtia globulifera | E17: F/H | F17: -140 | G17: -150 | H17: -148 | I17: -156 | J17: -111 | K17: -136 | O17: -57 | P17: =IF(OR(J17="",N17=""),"",1000*((1+J17/1000)/(1+N17/1000)-1)) | Q17: =IF(OR(K17="",N17=""),"",1000*((1+K17/1000)/(1+N17/1000)-1)) | R17: =IF(OR(L17="",N17=""),"",1000*((1+L17/1000)/(1+N17/1000)-1)) | S17: =IF(OR(J17="",M17=""),"",1000*((1+J17/1000)/(1+M17/1000)-1)) | T17: =IF(OR(K17="",M17=""),"",1000*((1+K17/1000)/(1+M17/1000)-1)) | U17: =IF(OR(L17="",M17=""),"",1000*((1+L17/1000)/(1+M17/1000)-1)) | V17: =IF(J17="","",1000*((1+J17/1000)/(1+O17/1000)-1)) -> -57.264051 | W17: =IF(K17="","",1000*((1+K17/1000)/(1+O17/1000)-1)) -> -83.775186 | X17: =IF(L17="","",1000*((1+L17/1000)/(1+O17/1000)-1)) | Y17: =IF(OR(J17="",K17=""),"",K17-J17) -> -25 | Z17: =IF(OR(K17="",L17=""),"",L17-K17) | AA17: 10.1371/journal.pone.0112610 | AB17: https://journals.plos.org/plosone/article?id=10.1371/journal.pone.0112610 | AC17: https://doi.org/10.1371/journal.pone.0112610.s008
A18: Gao2014 | B18: sp17 | C18: Fern* | D18: Asplenium formosanum | E18: F/H | F18: -184 | G18: -186 | H18: -183 | I18: -182 | K18: -177 | L18: -174 | O18: -57 | P18: =IF(OR(J18="",N18=""),"",1000*((1+J18/1000)/(1+N18/1000)-1)) | Q18: =IF(OR(K18="",N18=""),"",1000*((1+K18/1000)/(1+N18/1000)-1)) | R18: =IF(OR(L18="",N18=""),"",1000*((1+L18/1000)/(1+N18/1000)-1)) | S18: =IF(OR(J18="",M18=""),"",1000*((1+J18/1000)/(1+M18/1000)-1)) | T18: =IF(OR(K18="",M18=""),"",1000*((1+K18/1000)/(1+M18/1000)-1)) | U18: =IF(OR(L18="",M18=""),"",1000*((1+L18/1000)/(1+M18/1000)-1)) | V18: =IF(J18="","",1000*((1+J18/1000)/(1+O18/1000)-1)) | W18: =IF(K18="","",1000*((1+K18/1000)/(1+O18/1000)-1)) -> -127.25345 | X18: =IF(L18="","",1000*((1+L18/1000)/(1+O18/1000)-1)) -> -124.07211 | Y18: =IF(OR(J18="",K18=""),"",K18-J18) | Z18: =IF(OR(K18="",L18=""),"",L18-K18) -> 3 | AA18: 10.1371/journal.pone.0112610 | AB18: https://journals.plos.org/plosone/article?id=10.1371/journal.pone.0112610 | AC18: https://doi.org/10.1371/journal.pone.0112610.s008
A19: Gao2014 | B19: sp18 | C19: Fern* | D19: Thelypteris sp. | E19: F/H | F19: -130 | G19: -127 | H19: -133 | I19: -140 | J19: -118 | K19: -133 | L19: -137 | O19: -57 | P19: =IF(OR(J19="",N19=""),"",1000*((1+J19/1000)/(1+N19/1000)-1)) | Q19: =IF(OR(K19="",N19=""),"",1000*((1+K19/1000)/(1+N19/1000)-1)) | R19: =IF(OR(L19="",N19=""),"",1000*((1+L19/1000)/(1+N19/1000)-1)) | S19: =IF(OR(J19="",M19=""),"",1000*((1+J19/1000)/(1+M19/1000)-1)) | T19: =IF(OR(K19="",M19=""),"",1000*((1+K19/1000)/(1+M19/1000)-1)) | U19: =IF(OR(L19="",M19=""),"",1000*((1+L19/1000)/(1+M19/1000)-1)) | V19: =IF(J19="","",1000*((1+J19/1000)/(1+O19/1000)-1)) -> -64.687169 | W19: =IF(K19="","",1000*((1+K19/1000)/(1+O19/1000)-1)) -> -80.593849 | X19: =IF(L19="","",1000*((1+L19/1000)/(1+O19/1000)-1)) -> -84.835631 | Y19: =IF(OR(J19="",K19=""),"",K19-J19) -> -15 | Z19: =IF(OR(K19="",L19=""),"",L19-K19) -> -4 | AA19: 10.1371/journal.pone.0112610 | AB19: https://journals.plos.org/plosone/article?id=10.1371/journal.pone.0112610 | AC19: https://doi.org/10.1371/journal.pone.0112610.s008
A20: Gao2014 | B20: sp19 | C20: Fern* | D20: Blechnum glandulosum | E20: F/H | F20: -147 | G20: -145 | H20: -142 | I20: -149 | J20: -124 | K20: -136 | O20: -57 | P20: =IF(OR(J20="",N20=""),"",1000*((1+J20/1000)/(1+N20/1000)-1)) | Q20: =IF(OR(K20="",N20=""),"",1000*((1+K20/1000)/(1+N20/1000)-1)) | R20: =IF(OR(L20="",N20=""),"",1000*((1+L20/1000)/(1+N20/1000)-1)) | S20: =IF(OR(J20="",M20=""),"",1000*((1+J20/1000)/(1+M20/1000)-1)) | T20: =IF(OR(K20="",M20=""),"",1000*((1+K20/1000)/(1+M20/1000)-1)) | U20: =IF(OR(L20="",M20=""),"",1000*((1+L20/1000)/(1+M20/1000)-1)) | V20: =IF(J20="","",1000*((1+J20/1000)/(1+O20/1000)-1)) -> -71.049841 | W20: =IF(K20="","",1000*((1+K20/1000)/(1+O20/1000)-1)) -> -83.775186 | X20: =IF(L20="","",1000*((1+L20/1000)/(1+O20/1000)-1)) | Y20: =IF(OR(J20="",K20=""),"",K20-J20) -> -12 | Z20: =IF(OR(K20="",L20=""),"",L20-K20) | AA20: 10.1371/journal.pone.0112610 | AB20: https://journals.plos.org/plosone/article?id=10.1371/journal.pone.0112610 | AC20: https://doi.org/10.1371/journal.pone.0112610.s008
A21: Gao2014 | B21: sp20 | C21: Fern* | D21: Arachniodes amabilis | E21: F/H | F21: -164 | G21: -163 | H21: -163 | I21: -172 | J21: -140 | K21: -149 | L21: -165 | O21: -57 | P21: =IF(OR(J21="",N21=""),"",1000*((1+J21/1000)/(1+N21/1000)-1)) | Q21: =IF(OR(K21="",N21=""),"",1000*((1+K21/1000)/(1+N21/1000)-1)) | R21: =IF(OR(L21="",N21=""),"",1000*((1+L21/1000)/(1+N21/1000)-1)) | S21: =IF(OR(J21="",M21=""),"",1000*((1+J21/1000)/(1+M21/1000)-1)) | T21: =IF(OR(K21="",M21=""),"",1000*((1+K21/1000)/(1+M21/1000)-1)) | U21: =IF(OR(L21="",M21=""),"",1000*((1+L21/1000)/(1+M21/1000)-1)) | V21: =IF(J21="","",1000*((1+J21/1000)/(1+O21/1000)-1)) -> -88.016967 | W21: =IF(K21="","",1000*((1+K21/1000)/(1+O21/1000)-1)) -> -97.560976 | X21: =IF(L21="","",1000*((1+L21/1000)/(1+O21/1000)-1)) -> -114.5281 | Y21: =IF(OR(J21="",K21=""),"",K21-J21) -> -9 | Z21: =IF(OR(K21="",L21=""),"",L21-K21) -> -16 | AA21: 10.1371/journal.pone.0112610 | AB21: https://journals.plos.org/plosone/article?id=10.1371/journal.pone.0112610 | AC21: https://doi.org/10.1371/journal.pone.0112610.s008
A22: Gao2014 | B22: sp21 | C22: Fern* | D22: Arthropteris articulata | E22: F/H | F22: -153 | G22: -125 | H22: -143 | I22: -131 | K22: -151 | L22: -153 | O22: -57 | P22: =IF(OR(J22="",N22=""),"",1000*((1+J22/1000)/(1+N22/1000)-1)) | Q22: =IF(OR(K22="",N22=""),"",1000*((1+K22/1000)/(1+N22/1000)-1)) | R22: =IF(OR(L22="",N22=""),"",1000*((1+L22/1000)/(1+N22/1000)-1)) | S22: =IF(OR(J22="",M22=""),"",1000*((1+J22/1000)/(1+M22/1000)-1)) | T22: =IF(OR(K22="",M22=""),"",1000*((1+K22/1000)/(1+M22/1000)-1)) | U22: =IF(OR(L22="",M22=""),"",1000*((1+L22/1000)/(1+M22/1000)-1)) | V22: =IF(J22="","",1000*((1+J22/1000)/(1+O22/1000)-1)) | W22: =IF(K22="","",1000*((1+K22/1000)/(1+O22/1000)-1)) -> -99.681866 | X22: =IF(L22="","",1000*((1+L22/1000)/(1+O22/1000)-1)) -> -101.80276 | Y22: =IF(OR(J22="",K22=""),"",K22-J22) | Z22: =IF(OR(K22="",L22=""),"",L22-K22) -> -2 | AA22: 10.1371/journal.pone.0112610 | AB22: https://journals.plos.org/plosone/article?id=10.1371/journal.pone.0112610 | AC22: https://doi.org/10.1371/journal.pone.0112610.s008
A23: Gao2014 | B23: sp22 | C23: Fern* | D23: Bolbitis portoricensis | E23: F/H | F23: -140 | G23: -145 | H23: -141 | I23: -151 | L23: -157 | O23: -57 | P23: =IF(OR(J23="",N23=""),"",1000*((1+J23/1000)/(1+N23/1000)-1)) | Q23: =IF(OR(K23="",N23=""),"",1000*((1+K23/1000)/(1+N23/1000)-1)) | R23: =IF(OR(L23="",N23=""),"",1000*((1+L23/1000)/(1+N23/1000)-1)) | S23: =IF(OR(J23="",M23=""),"",1000*((1+J23/1000)/(1+M23/1000)-1)) | T23: =IF(OR(K23="",M23=""),"",1000*((1+K23/1000)/(1+M23/1000)-1)) | U23: =IF(OR(L23="",M23=""),"",1000*((1+L23/1000)/(1+M23/1000)-1)) | V23: =IF(J23="","",1000*((1+J23/1000)/(1+O23/1000)-1)) | W23: =IF(K23="","",1000*((1+K23/1000)/(1+O23/1000)-1)) | X23: =IF(L23="","",1000*((1+L23/1000)/(1+O23/1000)-1)) -> -106.04454 | Y23: =IF(OR(J23="",K23=""),"",K23-J23) | Z23: =IF(OR(K23="",L23=""),"",L23-K23) | AA23: 10.1371/journal.pone.0112610 | AB23: https://journals.plos.org/plosone/article?id=10.1371/journal.pone.0112610 | AC23: https://doi.org/10.1371/journal.pone.0112610.s008
A24: Gao2014 | B24: sp23 | C24: Fern* | D24: Campyloneurum angustifolium | E24: F/H | F24: -133 | G24: -134 | H24: -142 | I24: -136 | J24: -120 | K24: -137 | L24: -133 | O24: -57 | P24: =IF(OR(J24="",N24=""),"",1000*((1+J24/1000)/(1+N24/1000)-1)) | Q24: =IF(OR(K24="",N24=""),"",1000*((1+K24/1000)/(1+N24/1000)-1)) | R24: =IF(OR(L24="",N24=""),"",1000*((1+L24/1000)/(1+N24/1000)-1)) | S24: =IF(OR(J24="",M24=""),"",1000*((1+J24/1000)/(1+M24/1000)-1)) | T24: =IF(OR(K24="",M24=""),"",1000*((1+K24/1000)/(1+M24/1000)-1)) | U24: =IF(OR(L24="",M24=""),"",1000*((1+L24/1000)/(1+M24/1000)-1)) | V24: =IF(J24="","",1000*((1+J24/1000)/(1+O24/1000)-1)) -> -66.808059 | W24: =IF(K24="","",1000*((1+K24/1000)/(1+O24/1000)-1)) -> -84.835631 | X24: =IF(L24="","",1000*((1+L24/1000)/(1+O24/1000)-1)) -> -80.593849 | Y24: =IF(OR(J24="",K24=""),"",K24-J24) -> -17 | Z24: =IF(OR(K24="",L24=""),"",L24-K24) -> 4 | AA24: 10.1371/journal.pone.0112610 | AB24: https://journals.plos.org/plosone/article?id=10.1371/journal.pone.0112610 | AC24: https://doi.org/10.1371/journal.pone.0112610.s008
A25: Gao2014 | B25: sp24 | C25: Fern* | D25: Tectaria zeylanica | E25: F/H | F25: -160 | G25: -160 | H25: -159 | I25: -165 | J25: -148 | K25: -153 | L25: -161 | O25: -57 | P25: =IF(OR(J25="",N25=""),"",1000*((1+J25/1000)/(1+N25/1000)-1)) | Q25: =IF(OR(K25="",N25=""),"",1000*((1+K25/1000)/(1+N25/1000)-1)) | R25: =IF(OR(L25="",N25=""),"",1000*((1+L25/1000)/(1+N25/1000)-1)) | S25: =IF(OR(J25="",M25=""),"",1000*((1+J25/1000)/(1+M25/1000)-1)) | T25: =IF(OR(K25="",M25=""),"",1000*((1+K25/1000)/(1+M25/1000)-1)) | U25: =IF(OR(L25="",M25=""),"",1000*((1+L25/1000)/(1+M25/1000)-1)) | V25: =IF(J25="","",1000*((1+J25/1000)/(1+O25/1000)-1)) -> -96.50053 | W25: =IF(K25="","",1000*((1+K25/1000)/(1+O25/1000)-1)) -> -101.80276 | X25: =IF(L25="","",1000*((1+L25/1000)/(1+O25/1000)-1)) -> -110.28632 | Y25: =IF(OR(J25="",K25=""),"",K25-J25) -> -5 | Z25: =IF(OR(K25="",L25=""),"",L25-K25) -> -8 | AA25: 10.1371/journal.pone.0112610 | AB25: https://journals.plos.org/plosone/article?id=10.1371/journal.pone.0112610 | AC25: https://doi.org/10.1371/journal.pone.0112610.s008
A26: Gao2014 | B26: sp25 | C26: Fern* | D26: Osmunda regalis | E26: F/H | F26: -148 | G26: -162 | H26: -161 | I26: -160 | J26: -171 | K26: -171 | L26: -154 | O26: -57 | P26: =IF(OR(J26="",N26=""),"",1000*((1+J26/1000)/(1+N26/1000)-1)) | Q26: =IF(OR(K26="",N26=""),"",1000*((1+K26/1000)/(1+N26/1000)-1)) | R26: =IF(OR(L26="",N26=""),"",1000*((1+L26/1000)/(1+N26/1000)-1)) | S26: =IF(OR(J26="",M26=""),"",1000*((1+J26/1000)/(1+M26/1000)-1)) | T26: =IF(OR(K26="",M26=""),"",1000*((1+K26/1000)/(1+M26/1000)-1)) | U26: =IF(OR(L26="",M26=""),"",1000*((1+L26/1000)/(1+M26/1000)-1)) | V26: =IF(J26="","",1000*((1+J26/1000)/(1+O26/1000)-1)) -> -120.89077 | W26: =IF(K26="","",1000*((1+K26/1000)/(1+O26/1000)-1)) -> -120.89077 | X26: =IF(L26="","",1000*((1+L26/1000)/(1+O26/1000)-1)) -> -102.8632 | Y26: =IF(OR(J26="",K26=""),"",K26-J26) -> 0 | Z26: =IF(OR(K26="",L26=""),"",L26-K26) -> 17 | AA26: 10.1371/journal.pone.0112610 | AB26: https://journals.plos.org/plosone/article?id=10.1371/journal.pone.0112610 | AC26: https://doi.org/10.1371/journal.pone.0112610.s008
A27: Gao2014 | B27: sp26 | C27: Fern* | D27: Osmundastrum cinnamomeum | E27: F/H | F27: -142 | G27: -145 | H27: -148 | I27: -158 | J27: -165 | K27: -160 | L27: -137 | O27: -57 | P27: =IF(OR(J27="",N27=""),"",1000*((1+J27/1000)/(1+N27/1000)-1)) | Q27: =IF(OR(K27="",N27=""),"",1000*((1+K27/1000)/(1+N27/1000)-1)) | R27: =IF(OR(L27="",N27=""),"",1000*((1+L27/1000)/(1+N27/1000)-1)) | S27: =IF(OR(J27="",M27=""),"",1000*((1+J27/1000)/(1+M27/1000)-1)) | T27: =IF(OR(K27="",M27=""),"",1000*((1+K27/1000)/(1+M27/1000)-1)) | U27: =IF(OR(L27="",M27=""),"",1000*((1+L27/1000)/(1+M27/1000)-1)) | V27: =IF(J27="","",1000*((1+J27/1000)/(1+O27/1000)-1)) -> -114.5281 | W27: =IF(K27="","",1000*((1+K27/1000)/(1+O27/1000)-1)) -> -109.22587 | X27: =IF(L27="","",1000*((1+L27/1000)/(1+O27/1000)-1)) -> -84.835631 | Y27: =IF(OR(J27="",K27=""),"",K27-J27) -> 5 | Z27: =IF(OR(K27="",L27=""),"",L27-K27) -> 23 | AA27: 10.1371/journal.pone.0112610 | AB27: https://journals.plos.org/plosone/article?id=10.1371/journal.pone.0112610 | AC27: https://doi.org/10.1371/journal.pone.0112610.s008
A28: Gao2014 | B28: sp27 | C28: Fern* | D28: Sphaeropteris horrida | E28: Tree | F28: -169 | G28: -119 | H28: -123 | I28: -140 | J28: -141 | K28: -146 | O28: -57 | P28: =IF(OR(J28="",N28=""),"",1000*((1+J28/1000)/(1+N28/1000)-1)) | Q28: =IF(OR(K28="",N28=""),"",1000*((1+K28/1000)/(1+N28/1000)-1)) | R28: =IF(OR(L28="",N28=""),"",1000*((1+L28/1000)/(1+N28/1000)-1)) | S28: =IF(OR(J28="",M28=""),"",1000*((1+J28/1000)/(1+M28/1000)-1)) | T28: =IF(OR(K28="",M28=""),"",1000*((1+K28/1000)/(1+M28/1000)-1)) | U28: =IF(OR(L28="",M28=""),"",1000*((1+L28/1000)/(1+M28/1000)-1)) | V28: =IF(J28="","",1000*((1+J28/1000)/(1+O28/1000)-1)) -> -89.077413 | W28: =IF(K28="","",1000*((1+K28/1000)/(1+O28/1000)-1)) -> -94.379639 | X28: =IF(L28="","",1000*((1+L28/1000)/(1+O28/1000)-1)) | Y28: =IF(OR(J28="",K28=""),"",K28-J28) -> -5 | Z28: =IF(OR(K28="",L28=""),"",L28-K28) | AA28: 10.1371/journal.pone.0112610 | AB28: https://journals.plos.org/plosone/article?id=10.1371/journal.pone.0112610 | AC28: https://doi.org/10.1371/journal.pone.0112610.s008
A29: Gao2014 | B29: sp28 | C29: Fern* | D29: Davallia fejeensis 'Plumosa' | E29: F/H | F29: -139 | G29: -139 | H29: -139 | I29: -141 | J29: -149 | K29: -145 | L29: -143 | O29: -57 | P29: =IF(OR(J29="",N29=""),"",1000*((1+J29/1000)/(1+N29/1000)-1)) | Q29: =IF(OR(K29="",N29=""),"",1000*((1+K29/1000)/(1+N29/1000)-1)) | R29: =IF(OR(L29="",N29=""),"",1000*((1+L29/1000)/(1+N29/1000)-1)) | S29: =IF(OR(J29="",M29=""),"",1000*((1+J29/1000)/(1+M29/1000)-1)) | T29: =IF(OR(K29="",M29=""),"",1000*((1+K29/1000)/(1+M29/1000)-1)) | U29: =IF(OR(L29="",M29=""),"",1000*((1+L29/1000)/(1+M29/1000)-1)) | V29: =IF(J29="","",1000*((1+J29/1000)/(1+O29/1000)-1)) -> -97.560976 | W29: =IF(K29="","",1000*((1+K29/1000)/(1+O29/1000)-1)) -> -93.319194 | X29: =IF(L29="","",1000*((1+L29/1000)/(1+O29/1000)-1)) -> -91.198303 | Y29: =IF(OR(J29="",K29=""),"",K29-J29) -> 4 | Z29: =IF(OR(K29="",L29=""),"",L29-K29) -> 2 | AA29: 10.1371/journal.pone.0112610 | AB29: https://journals.plos.org/plosone/article?id=10.1371/journal.pone.0112610 | AC29: https://doi.org/10.1371/journal.pone.0112610.s008
A30: Gao2014 | B30: sp29 | C30: Fern* | D30: Davallia trichomanoides | E30: F/H | F30: -140 | G30: -142 | H30: -125 | I30: -136 | K30: -139 | L30: -152 | O30: -57 | P30: =IF(OR(J30="",N30=""),"",1000*((1+J30/1000)/(1+N30/1000)-1)) | Q30: =IF(OR(K30="",N30=""),"",1000*((1+K30/1000)/(1+N30/1000)-1)) | R30: =IF(OR(L30="",N30=""),"",1000*((1+L30/1000)/(1+N30/1000)-1)) | S30: =IF(OR(J30="",M30=""),"",1000*((1+J30/1000)/(1+M30/1000)-1)) | T30: =IF(OR(K30="",M30=""),"",1000*((1+K30/1000)/(1+M30/1000)-1)) | U30: =IF(OR(L30="",M30=""),"",1000*((1+L30/1000)/(1+M30/1000)-1)) | V30: =IF(J30="","",1000*((1+J30/1000)/(1+O30/1000)-1)) | W30: =IF(K30="","",1000*((1+K30/1000)/(1+O30/1000)-1)) -> -86.956522 | X30: =IF(L30="","",1000*((1+L30/1000)/(1+O30/1000)-1)) -> -100.74231 | Y30: =IF(OR(J30="",K30=""),"",K30-J30) | Z30: =IF(OR(K30="",L30=""),"",L30-K30) -> -13 | AA30: 10.1371/journal.pone.0112610 | AB30: https://journals.plos.org/plosone/article?id=10.1371/journal.pone.0112610 | AC30: https://doi.org/10.1371/journal.pone.0112610.s008
A31: Gao2014 | B31: sp30 | C31: Gymn | D31: Taxodium distichum | E31: Tree | F31: -135 | G31: -144 | H31: -141 | J31: -155 | K31: -154 | L31: -137 | M31: -9.5 | N31: -44.8 | O31: -57 | P31: =IF(OR(J31="",N31=""),"",1000*((1+J31/1000)/(1+N31/1000)-1)) -> -115.36851 | Q31: =IF(OR(K31="",N31=""),"",1000*((1+K31/1000)/(1+N31/1000)-1)) -> -114.32161 | R31: =IF(OR(L31="",N31=""),"",1000*((1+L31/1000)/(1+N31/1000)-1)) -> -96.524288 | S31: =IF(OR(J31="",M31=""),"",1000*((1+J31/1000)/(1+M31/1000)-1)) -> -146.89551 | T31: =IF(OR(K31="",M31=""),"",1000*((1+K31/1000)/(1+M31/1000)-1)) -> -145.88592 | U31: =IF(OR(L31="",M31=""),"",1000*((1+L31/1000)/(1+M31/1000)-1)) -> -128.72287 | V31: =IF(J31="","",1000*((1+J31/1000)/(1+O31/1000)-1)) -> -103.92365 | W31: =IF(K31="","",1000*((1+K31/1000)/(1+O31/1000)-1)) -> -102.8632 | X31: =IF(L31="","",1000*((1+L31/1000)/(1+O31/1000)-1)) -> -84.835631 | Y31: =IF(OR(J31="",K31=""),"",K31-J31) -> 1 | Z31: =IF(OR(K31="",L31=""),"",L31-K31) -> 17 | AA31: 10.1371/journal.pone.0112610 | AB31: https://journals.plos.org/plosone/article?id=10.1371/journal.pone.0112610 | AC31: https://doi.org/10.1371/journal.pone.0112610.s008
A32: Gao2014 | B32: sp31 | C32: Gymn | D32: Abies homolepis | E32: Tree | G32: -147 | H32: -137 | J32: -141 | K32: -144 | L32: -109 | M32: -9.1 | N32: -30.9 | O32: -57 | P32: =IF(OR(J32="",N32=""),"",1000*((1+J32/1000)/(1+N32/1000)-1)) -> -113.61057 | Q32: =IF(OR(K32="",N32=""),"",1000*((1+K32/1000)/(1+N32/1000)-1)) -> -116.70622 | R32: =IF(OR(L32="",N32=""),"",1000*((1+L32/1000)/(1+N32/1000)-1)) -> -80.590238 | S32: =IF(OR(J32="",M32=""),"",1000*((1+J32/1000)/(1+M32/1000)-1)) -> -133.11131 | T32: =IF(OR(K32="",M32=""),"",1000*((1+K32/1000)/(1+M32/1000)-1)) -> -136.13886 | U32: =IF(OR(L32="",M32=""),"",1000*((1+L32/1000)/(1+M32/1000)-1)) -> -100.81744 | V32: =IF(J32="","",1000*((1+J32/1000)/(1+O32/1000)-1)) -> -89.077413 | W32: =IF(K32="","",1000*((1+K32/1000)/(1+O32/1000)-1)) -> -92.258749 | X32: =IF(L32="","",1000*((1+L32/1000)/(1+O32/1000)-1)) -> -55.14316 | Y32: =IF(OR(J32="",K32=""),"",K32-J32) -> -3 | Z32: =IF(OR(K32="",L32=""),"",L32-K32) -> 35 | AA32: 10.1371/journal.pone.0112610 | AB32: https://journals.plos.org/plosone/article?id=10.1371/journal.pone.0112610 | AC32: https://doi.org/10.1371/journal.pone.0112610.s008
A33: Gao2014 | B33: sp32 | C33: Gymn | D33: Metasequoia glyptostroboides | E33: Tree | F33: -162 | G33: -155 | H33: -143 | J33: -148 | K33: -154 | L33: -140 | M33: -15.7 | N33: -46.8 | O33: -57 | P33: =IF(OR(J33="",N33=""),"",1000*((1+J33/1000)/(1+N33/1000)-1)) -> -106.16869 | Q33: =IF(OR(K33="",N33=""),"",1000*((1+K33/1000)/(1+N33/1000)-1)) -> -112.46328 | R33: =IF(OR(L33="",N33=""),"",1000*((1+L33/1000)/(1+N33/1000)-1)) -> -97.775913 | S33: =IF(OR(J33="",M33=""),"",1000*((1+J33/1000)/(1+M33/1000)-1)) -> -134.41024 | T33: =IF(OR(K33="",M33=""),"",1000*((1+K33/1000)/(1+M33/1000)-1)) -> -140.50594 | U33: =IF(OR(L33="",M33=""),"",1000*((1+L33/1000)/(1+M33/1000)-1)) -> -126.28264 | V33: =IF(J33="","",1000*((1+J33/1000)/(1+O33/1000)-1)) -> -96.50053 | W33: =IF(K33="","",1000*((1+K33/1000)/(1+O33/1000)-1)) -> -102.8632 | X33: =IF(L33="","",1000*((1+L33/1000)/(1+O33/1000)-1)) -> -88.016967 | Y33: =IF(OR(J33="",K33=""),"",K33-J33) -> -6 | Z33: =IF(OR(K33="",L33=""),"",L33-K33) -> 14 | AA33: 10.1371/journal.pone.0112610 | AB33: https://journals.plos.org/plosone/article?id=10.1371/journal.pone.0112610 | AC33: https://doi.org/10.1371/journal.pone.0112610.s008
A34: Gao2014 | B34: sp33 | C34: Gymn | D34: Picea orientalis | E34: Tree | F34: -158 | G34: -141 | H34: -133 | I34: -137 | M34: -9.2 | N34: -36 | O34: -57 | P34: =IF(OR(J34="",N34=""),"",1000*((1+J34/1000)/(1+N34/1000)-1)) | Q34: =IF(OR(K34="",N34=""),"",1000*((1+K34/1000)/(1+N34/1000)-1)) | R34: =IF(OR(L34="",N34=""),"",1000*((1+L34/1000)/(1+N34/1000)-1)) | S34: =IF(OR(J34="",M34=""),"",1000*((1+J34/1000)/(1+M34/1000)-1)) | T34: =IF(OR(K34="",M34=""),"",1000*((1+K34/1000)/(1+M34/1000)-1)) | U34: =IF(OR(L34="",M34=""),"",1000*((1+L34/1000)/(1+M34/1000)-1)) | V34: =IF(J34="","",1000*((1+J34/1000)/(1+O34/1000)-1)) | W34: =IF(K34="","",1000*((1+K34/1000)/(1+O34/1000)-1)) | X34: =IF(L34="","",1000*((1+L34/1000)/(1+O34/1000)-1)) | Y34: =IF(OR(J34="",K34=""),"",K34-J34) | Z34: =IF(OR(K34="",L34=""),"",L34-K34) | AA34: 10.1371/journal.pone.0112610 | AB34: https://journals.plos.org/plosone/article?id=10.1371/journal.pone.0112610 | AC34: https://doi.org/10.1371/journal.pone.0112610.s008
A35: Gao2014 | B35: sp34 | C35: Gymn | D35: Ginkgo biloba | E35: Tree | F35: -197 | G35: -147 | H35: -154 | I35: -145 | J35: -149 | K35: -155 | L35: -138 | M35: -11.4 | N35: -46.7 | O35: -57 | P35: =IF(OR(J35="",N35=""),"",1000*((1+J35/1000)/(1+N35/1000)-1)) -> -107.31144 | Q35: =IF(OR(K35="",N35=""),"",1000*((1+K35/1000)/(1+N35/1000)-1)) -> -113.60537 | R35: =IF(OR(L35="",N35=""),"",1000*((1+L35/1000)/(1+N35/1000)-1)) -> -95.772579 | S35: =IF(OR(J35="",M35=""),"",1000*((1+J35/1000)/(1+M35/1000)-1)) -> -139.18673 | T35: =IF(OR(K35="",M35=""),"",1000*((1+K35/1000)/(1+M35/1000)-1)) -> -145.25592 | U35: =IF(OR(L35="",M35=""),"",1000*((1+L35/1000)/(1+M35/1000)-1)) -> -128.05988 | V35: =IF(J35="","",1000*((1+J35/1000)/(1+O35/1000)-1)) -> -97.560976 | W35: =IF(K35="","",1000*((1+K35/1000)/(1+O35/1000)-1)) -> -103.92365 | X35: =IF(L35="","",1000*((1+L35/1000)/(1+O35/1000)-1)) -> -85.896076 | Y35: =IF(OR(J35="",K35=""),"",K35-J35) -> -6 | Z35: =IF(OR(K35="",L35=""),"",L35-K35) -> 17 | AA35: 10.1371/journal.pone.0112610 | AB35: https://journals.plos.org/plosone/article?id=10.1371/journal.pone.0112610 | AC35: https://doi.org/10.1371/journal.pone.0112610.s008
A36: Gao2014 | B36: sp35 | C36: Gymn | D36: Ephedra gerardiana | E36: Shrub | F36: -129 | G36: -124 | H36: -141 | J36: -133 | K36: -139 | L36: -143 | M36: -9.7 | N36: -43.7 | O36: -57 | P36: =IF(OR(J36="",N36=""),"",1000*((1+J36/1000)/(1+N36/1000)-1)) -> -93.380738 | Q36: =IF(OR(K36="",N36=""),"",1000*((1+K36/1000)/(1+N36/1000)-1)) -> -99.65492 | R36: =IF(OR(L36="",N36=""),"",1000*((1+L36/1000)/(1+N36/1000)-1)) -> -103.83771 | S36: =IF(OR(J36="",M36=""),"",1000*((1+J36/1000)/(1+M36/1000)-1)) -> -124.50772 | T36: =IF(OR(K36="",M36=""),"",1000*((1+K36/1000)/(1+M36/1000)-1)) -> -130.5665 | U36: =IF(OR(L36="",M36=""),"",1000*((1+L36/1000)/(1+M36/1000)-1)) -> -134.60568 | V36: =IF(J36="","",1000*((1+J36/1000)/(1+O36/1000)-1)) -> -80.593849 | W36: =IF(K36="","",1000*((1+K36/1000)/(1+O36/1000)-1)) -> -86.956522 | X36: =IF(L36="","",1000*((1+L36/1000)/(1+O36/1000)-1)) -> -91.198303 | Y36: =IF(OR(J36="",K36=""),"",K36-J36) -> -6 | Z36: =IF(OR(K36="",L36=""),"",L36-K36) -> -4 | AA36: 10.1371/journal.pone.0112610 | AB36: https://journals.plos.org/plosone/article?id=10.1371/journal.pone.0112610 | AC36: https://doi.org/10.1371/journal.pone.0112610.s008
A37: Gao2014 | B37: sp36 | C37: Gymn | D37: Pinus parviflora | E37: Tree | F37: -183 | G37: -177 | H37: -180 | I37: -178 | J37: -151 | K37: -173 | L37: -172 | M37: -13.5 | N37: -50.7 | O37: -57 | P37: =IF(OR(J37="",N37=""),"",1000*((1+J37/1000)/(1+N37/1000)-1)) -> -105.6568 | Q37: =IF(OR(K37="",N37=""),"",1000*((1+K37/1000)/(1+N37/1000)-1)) -> -128.83177 | R37: =IF(OR(L37="",N37=""),"",1000*((1+L37/1000)/(1+N37/1000)-1)) -> -127.77836 | S37: =IF(OR(J37="",M37=""),"",1000*((1+J37/1000)/(1+M37/1000)-1)) -> -139.38165 | T37: =IF(OR(K37="",M37=""),"",1000*((1+K37/1000)/(1+M37/1000)-1)) -> -161.68272 | U37: =IF(OR(L37="",M37=""),"",1000*((1+L37/1000)/(1+M37/1000)-1)) -> -160.66903 | V37: =IF(J37="","",1000*((1+J37/1000)/(1+O37/1000)-1)) -> -99.681866 | W37: =IF(K37="","",1000*((1+K37/1000)/(1+O37/1000)-1)) -> -123.01166 | X37: =IF(L37="","",1000*((1+L37/1000)/(1+O37/1000)-1)) -> -121.95122 | Y37: =IF(OR(J37="",K37=""),"",K37-J37) -> -22 | Z37: =IF(OR(K37="",L37=""),"",L37-K37) -> 1 | AA37: 10.1371/journal.pone.0112610 | AB37: https://journals.plos.org/plosone/article?id=10.1371/journal.pone.0112610 | AC37: https://doi.org/10.1371/journal.pone.0112610.s008
A38: Gao2014 | B38: sp37 | C38: Eudic | D38: Bougainvillea 'Tahitian Dawn' | E38: CV | F38: -149 | G38: -138 | H38: -154 | I38: -147 | J38: -147 | K38: -161 | L38: -146 | M38: -87.9 | N38: -58.3 | O38: -57 | P38: =IF(OR(J38="",N38=""),"",1000*((1+J38/1000)/(1+N38/1000)-1)) -> -94.191356 | Q38: =IF(OR(K38="",N38=""),"",1000*((1+K38/1000)/(1+N38/1000)-1)) -> -109.05809 | R38: =IF(OR(L38="",N38=""),"",1000*((1+L38/1000)/(1+N38/1000)-1)) -> -93.129447 | S38: =IF(OR(J38="",M38=""),"",1000*((1+J38/1000)/(1+M38/1000)-1)) -> -64.795527 | T38: =IF(OR(K38="",M38=""),"",1000*((1+K38/1000)/(1+M38/1000)-1)) -> -80.144721 | U38: =IF(OR(L38="",M38=""),"",1000*((1+L38/1000)/(1+M38/1000)-1)) -> -63.699156 | V38: =IF(J38="","",1000*((1+J38/1000)/(1+O38/1000)-1)) -> -95.440085 | W38: =IF(K38="","",1000*((1+K38/1000)/(1+O38/1000)-1)) -> -110.28632 | X38: =IF(L38="","",1000*((1+L38/1000)/(1+O38/1000)-1)) -> -94.379639 | Y38: =IF(OR(J38="",K38=""),"",K38-J38) -> -14 | Z38: =IF(OR(K38="",L38=""),"",L38-K38) -> 15 | AA38: 10.1371/journal.pone.0112610 | AB38: https://journals.plos.org/plosone/article?id=10.1371/journal.pone.0112610 | AC38: https://doi.org/10.1371/journal.pone.0112610.s008
A39: Gao2014 | B39: sp38 | C39: Eudic | D39: Amsonia tabernaemontana | E39: F/H | F39: -152 | G39: -169 | H39: -187 | I39: -178 | J39: -154 | K39: -154 | L39: -165 | M39: -53 | N39: -50.1 | O39: -57 | P39: =IF(OR(J39="",N39=""),"",1000*((1+J39/1000)/(1+N39/1000)-1)) -> -109.37993 | Q39: =IF(OR(K39="",N39=""),"",1000*((1+K39/1000)/(1+N39/1000)-1)) -> -109.37993 | R39: =IF(OR(L39="",N39=""),"",1000*((1+L39/1000)/(1+N39/1000)-1)) -> -120.9601 | S39: =IF(OR(J39="",M39=""),"",1000*((1+J39/1000)/(1+M39/1000)-1)) -> -106.65259 | T39: =IF(OR(K39="",M39=""),"",1000*((1+K39/1000)/(1+M39/1000)-1)) -> -106.65259 | U39: =IF(OR(L39="",M39=""),"",1000*((1+L39/1000)/(1+M39/1000)-1)) -> -118.26822 | V39: =IF(J39="","",1000*((1+J39/1000)/(1+O39/1000)-1)) -> -102.8632 | W39: =IF(K39="","",1000*((1+K39/1000)/(1+O39/1000)-1)) -> -102.8632 | X39: =IF(L39="","",1000*((1+L39/1000)/(1+O39/1000)-1)) -> -114.5281 | Y39: =IF(OR(J39="",K39=""),"",K39-J39) -> 0 | Z39: =IF(OR(K39="",L39=""),"",L39-K39) -> -11 | AA39: 10.1371/journal.pone.0112610 | AB39: https://journals.plos.org/plosone/article?id=10.1371/journal.pone.0112610 | AC39: https://doi.org/10.1371/journal.pone.0112610.s008
A40: Gao2014 | B40: sp39 | C40: Eudic | D40: Galium odoratum | E40: F/H | F40: -152 | G40: -156 | H40: -147 | I40: -138 | J40: -160 | K40: -148 | M40: -21.1 | N40: -32.3 | O40: -57 | P40: =IF(OR(J40="",N40=""),"",1000*((1+J40/1000)/(1+N40/1000)-1)) -> -131.96239 | Q40: =IF(OR(K40="",N40=""),"",1000*((1+K40/1000)/(1+N40/1000)-1)) -> -119.56185 | R40: =IF(OR(L40="",N40=""),"",1000*((1+L40/1000)/(1+N40/1000)-1)) | S40: =IF(OR(J40="",M40=""),"",1000*((1+J40/1000)/(1+M40/1000)-1)) -> -141.89396 | T40: =IF(OR(K40="",M40=""),"",1000*((1+K40/1000)/(1+M40/1000)-1)) -> -129.6353 | U40: =IF(OR(L40="",M40=""),"",1000*((1+L40/1000)/(1+M40/1000)-1)) | V40: =IF(J40="","",1000*((1+J40/1000)/(1+O40/1000)-1)) -> -109.22587 | W40: =IF(K40="","",1000*((1+K40/1000)/(1+O40/1000)-1)) -> -96.50053 | X40: =IF(L40="","",1000*((1+L40/1000)/(1+O40/1000)-1)) | Y40: =IF(OR(J40="",K40=""),"",K40-J40) -> 12 | Z40: =IF(OR(K40="",L40=""),"",L40-K40) | AA40: 10.1371/journal.pone.0112610 | AB40: https://journals.plos.org/plosone/article?id=10.1371/journal.pone.0112610 | AC40: https://doi.org/10.1371/journal.pone.0112610.s008
A41: Gao2014 | B41: sp40 | C41: Eudic | D41: Salvia transsylvanica | E41: F/H | F41: -149 | G41: -145 | H41: -160 | I41: -156 | J41: -151 | K41: -157 | L41: -157 | M41: -30.2 | N41: -46.2 | O41: -57 | P41: =IF(OR(J41="",N41=""),"",1000*((1+J41/1000)/(1+N41/1000)-1)) -> -109.87628 | Q41: =IF(OR(K41="",N41=""),"",1000*((1+K41/1000)/(1+N41/1000)-1)) -> -116.16691 | R41: =IF(OR(L41="",N41=""),"",1000*((1+L41/1000)/(1+N41/1000)-1)) -> -116.16691 | S41: =IF(OR(J41="",M41=""),"",1000*((1+J41/1000)/(1+M41/1000)-1)) -> -124.56177 | T41: =IF(OR(K41="",M41=""),"",1000*((1+K41/1000)/(1+M41/1000)-1)) -> -130.74861 | U41: =IF(OR(L41="",M41=""),"",1000*((1+L41/1000)/(1+M41/1000)-1)) -> -130.74861 | V41: =IF(J41="","",1000*((1+J41/1000)/(1+O41/1000)-1)) -> -99.681866 | W41: =IF(K41="","",1000*((1+K41/1000)/(1+O41/1000)-1)) -> -106.04454 | X41: =IF(L41="","",1000*((1+L41/1000)/(1+O41/1000)-1)) -> -106.04454 | Y41: =IF(OR(J41="",K41=""),"",K41-J41) -> -6 | Z41: =IF(OR(K41="",L41=""),"",L41-K41) -> 0 | AA41: 10.1371/journal.pone.0112610 | AB41: https://journals.plos.org/plosone/article?id=10.1371/journal.pone.0112610 | AC41: https://doi.org/10.1371/journal.pone.0112610.s008
A42: Gao2014 | B42: sp41 | C42: Eudic | D42: Nicotiana mutabilis | E42: F/H | F42: -166 | G42: -170 | H42: -158 | I42: -153 | L42: -141 | M42: -41.3 | N42: -47.5 | O42: -57 | P42: =IF(OR(J42="",N42=""),"",1000*((1+J42/1000)/(1+N42/1000)-1)) | Q42: =IF(OR(K42="",N42=""),"",1000*((1+K42/1000)/(1+N42/1000)-1)) | R42: =IF(OR(L42="",N42=""),"",1000*((1+L42/1000)/(1+N42/1000)-1)) -> -98.16273 | S42: =IF(OR(J42="",M42=""),"",1000*((1+J42/1000)/(1+M42/1000)-1)) | T42: =IF(OR(K42="",M42=""),"",1000*((1+K42/1000)/(1+M42/1000)-1)) | U42: =IF(OR(L42="",M42=""),"",1000*((1+L42/1000)/(1+M42/1000)-1)) -> -103.99499 | V42: =IF(J42="","",1000*((1+J42/1000)/(1+O42/1000)-1)) | W42: =IF(K42="","",1000*((1+K42/1000)/(1+O42/1000)-1)) | X42: =IF(L42="","",1000*((1+L42/1000)/(1+O42/1000)-1)) -> -89.077413 | Y42: =IF(OR(J42="",K42=""),"",K42-J42) | Z42: =IF(OR(K42="",L42=""),"",L42-K42) | AA42: 10.1371/journal.pone.0112610 | AB42: https://journals.plos.org/plosone/article?id=10.1371/journal.pone.0112610 | AC42: https://doi.org/10.1371/journal.pone.0112610.s008
A43: Gao2014 | B43: sp42 | C43: Eudic | D43: Rudbeckia maxima | E43: F/H | F43: -160 | G43: -171 | H43: -166 | I43: -162 | J43: -165 | K43: -162 | M43: -41.3 | N43: -44.6 | O43: -57 | P43: =IF(OR(J43="",N43=""),"",1000*((1+J43/1000)/(1+N43/1000)-1)) -> -126.02051 | Q43: =IF(OR(K43="",N43=""),"",1000*((1+K43/1000)/(1+N43/1000)-1)) -> -122.88047 | R43: =IF(OR(L43="",N43=""),"",1000*((1+L43/1000)/(1+N43/1000)-1)) | S43: =IF(OR(J43="",M43=""),"",1000*((1+J43/1000)/(1+M43/1000)-1)) -> -129.02889 | T43: =IF(OR(K43="",M43=""),"",1000*((1+K43/1000)/(1+M43/1000)-1)) -> -125.89966 | U43: =IF(OR(L43="",M43=""),"",1000*((1+L43/1000)/(1+M43/1000)-1)) | V43: =IF(J43="","",1000*((1+J43/1000)/(1+O43/1000)-1)) -> -114.5281 | W43: =IF(K43="","",1000*((1+K43/1000)/(1+O43/1000)-1)) -> -111.34677 | X43: =IF(L43="","",1000*((1+L43/1000)/(1+O43/1000)-1)) | Y43: =IF(OR(J43="",K43=""),"",K43-J43) -> 3 | Z43: =IF(OR(K43="",L43=""),"",L43-K43) | AA43: 10.1371/journal.pone.0112610 | AB43: https://journals.plos.org/plosone/article?id=10.1371/journal.pone.0112610 | AC43: https://doi.org/10.1371/journal.pone.0112610.s008
A44: Gao2014 | B44: sp43 | C44: Eudic | D44: Euphorbia collorata | E44: F/H | F44: -128 | G44: -111 | H44: -146 | I44: -143 | J44: -138 | K44: -172 | L44: -182 | M44: -16.1 | N44: -47.4 | O44: -57 | P44: =IF(OR(J44="",N44=""),"",1000*((1+J44/1000)/(1+N44/1000)-1)) -> -95.108125 | Q44: =IF(OR(K44="",N44=""),"",1000*((1+K44/1000)/(1+N44/1000)-1)) -> -130.79992 | R44: =IF(OR(L44="",N44=""),"",1000*((1+L44/1000)/(1+N44/1000)-1)) -> -141.2975 | S44: =IF(OR(J44="",M44=""),"",1000*((1+J44/1000)/(1+M44/1000)-1)) -> -123.8947 | T44: =IF(OR(K44="",M44=""),"",1000*((1+K44/1000)/(1+M44/1000)-1)) -> -158.45106 | U44: =IF(OR(L44="",M44=""),"",1000*((1+L44/1000)/(1+M44/1000)-1)) -> -168.6147 | V44: =IF(J44="","",1000*((1+J44/1000)/(1+O44/1000)-1)) -> -85.896076 | W44: =IF(K44="","",1000*((1+K44/1000)/(1+O44/1000)-1)) -> -121.95122 | X44: =IF(L44="","",1000*((1+L44/1000)/(1+O44/1000)-1)) -> -132.55567 | Y44: =IF(OR(J44="",K44=""),"",K44-J44) -> -34 | Z44: =IF(OR(K44="",L44=""),"",L44-K44) -> -10 | AA44: 10.1371/journal.pone.0112610 | AB44: https://journals.plos.org/plosone/article?id=10.1371/journal.pone.0112610 | AC44: https://doi.org/10.1371/journal.pone.0112610.s008
A45: Gao2014 | B45: sp44 | C45: Eudic | D45: Baptisia australis | E45: F/H | F45: -138 | G45: -142 | H45: -135 | I45: -131 | K45: -166 | M45: -39.8 | N45: -47.4 | O45: -57 | P45: =IF(OR(J45="",N45=""),"",1000*((1+J45/1000)/(1+N45/1000)-1)) | Q45: =IF(OR(K45="",N45=""),"",1000*((1+K45/1000)/(1+N45/1000)-1)) -> -124.50136 | R45: =IF(OR(L45="",N45=""),"",1000*((1+L45/1000)/(1+N45/1000)-1)) | S45: =IF(OR(J45="",M45=""),"",1000*((1+J45/1000)/(1+M45/1000)-1)) | T45: =IF(OR(K45="",M45=""),"",1000*((1+K45/1000)/(1+M45/1000)-1)) -> -131.43095 | U45: =IF(OR(L45="",M45=""),"",1000*((1+L45/1000)/(1+M45/1000)-1)) | V45: =IF(J45="","",1000*((1+J45/1000)/(1+O45/1000)-1)) | W45: =IF(K45="","",1000*((1+K45/1000)/(1+O45/1000)-1)) -> -115.58855 | X45: =IF(L45="","",1000*((1+L45/1000)/(1+O45/1000)-1)) | Y45: =IF(OR(J45="",K45=""),"",K45-J45) | Z45: =IF(OR(K45="",L45=""),"",L45-K45) | AA45: 10.1371/journal.pone.0112610 | AB45: https://journals.plos.org/plosone/article?id=10.1371/journal.pone.0112610 | AC45: https://doi.org/10.1371/journal.pone.0112610.s008
A46: Gao2014 | B46: sp45 | C46: Eudic | D46: Sanguisorba obtusa | E46: F/H | F46: -149 | G46: -145 | H46: -160 | I46: -156 | J46: -147 | K46: -162 | L46: -178 | M46: -22.5 | N46: -66.9 | O46: -57 | P46: =IF(OR(J46="",N46=""),"",1000*((1+J46/1000)/(1+N46/1000)-1)) -> -85.842889 | Q46: =IF(OR(K46="",N46=""),"",1000*((1+K46/1000)/(1+N46/1000)-1)) -> -101.91834 | R46: =IF(OR(L46="",N46=""),"",1000*((1+L46/1000)/(1+N46/1000)-1)) -> -119.06548 | S46: =IF(OR(J46="",M46=""),"",1000*((1+J46/1000)/(1+M46/1000)-1)) -> -127.36573 | T46: =IF(OR(K46="",M46=""),"",1000*((1+K46/1000)/(1+M46/1000)-1)) -> -142.711 | U46: =IF(OR(L46="",M46=""),"",1000*((1+L46/1000)/(1+M46/1000)-1)) -> -159.07928 | V46: =IF(J46="","",1000*((1+J46/1000)/(1+O46/1000)-1)) -> -95.440085 | W46: =IF(K46="","",1000*((1+K46/1000)/(1+O46/1000)-1)) -> -111.34677 | X46: =IF(L46="","",1000*((1+L46/1000)/(1+O46/1000)-1)) -> -128.31389 | Y46: =IF(OR(J46="",K46=""),"",K46-J46) -> -15 | Z46: =IF(OR(K46="",L46=""),"",L46-K46) -> -16 | AA46: 10.1371/journal.pone.0112610 | AB46: https://journals.plos.org/plosone/article?id=10.1371/journal.pone.0112610 | AC46: https://doi.org/10.1371/journal.pone.0112610.s008
A47: Gao2014 | B47: sp46 | C47: Eudic | D47: Geranium 'Brookside' | E47: F/H | F47: -173 | G47: -172 | H47: -170 | I47: -184 | K47: -165 | L47: -187 | M47: -9.3 | N47: -44 | O47: -57 | P47: =IF(OR(J47="",N47=""),"",1000*((1+J47/1000)/(1+N47/1000)-1)) | Q47: =IF(OR(K47="",N47=""),"",1000*((1+K47/1000)/(1+N47/1000)-1)) -> -126.56904 | R47: =IF(OR(L47="",N47=""),"",1000*((1+L47/1000)/(1+N47/1000)-1)) -> -149.58159 | S47: =IF(OR(J47="",M47=""),"",1000*((1+J47/1000)/(1+M47/1000)-1)) | T47: =IF(OR(K47="",M47=""),"",1000*((1+K47/1000)/(1+M47/1000)-1)) -> -157.1616 | U47: =IF(OR(L47="",M47=""),"",1000*((1+L47/1000)/(1+M47/1000)-1)) -> -179.36812 | V47: =IF(J47="","",1000*((1+J47/1000)/(1+O47/1000)-1)) | W47: =IF(K47="","",1000*((1+K47/1000)/(1+O47/1000)-1)) -> -114.5281 | X47: =IF(L47="","",1000*((1+L47/1000)/(1+O47/1000)-1)) -> -137.8579 | Y47: =IF(OR(J47="",K47=""),"",K47-J47) | Z47: =IF(OR(K47="",L47=""),"",L47-K47) -> -22 | AA47: 10.1371/journal.pone.0112610 | AB47: https://journals.plos.org/plosone/article?id=10.1371/journal.pone.0112610 | AC47: https://doi.org/10.1371/journal.pone.0112610.s008
A48: Gao2014 | B48: sp47 | C48: Eudic | D48: Paeonia 'Lovebirds' | E48: F/H | F48: -161 | G48: -167 | H48: -180 | I48: -181 | K48: -137 | L48: -164 | M48: -17.8 | N48: -52.8 | O48: -57 | P48: =IF(OR(J48="",N48=""),"",1000*((1+J48/1000)/(1+N48/1000)-1)) | Q48: =IF(OR(K48="",N48=""),"",1000*((1+K48/1000)/(1+N48/1000)-1)) -> -88.893581 | R48: =IF(OR(L48="",N48=""),"",1000*((1+L48/1000)/(1+N48/1000)-1)) -> -117.39865 | S48: =IF(OR(J48="",M48=""),"",1000*((1+J48/1000)/(1+M48/1000)-1)) | T48: =IF(OR(K48="",M48=""),"",1000*((1+K48/1000)/(1+M48/1000)-1)) -> -121.36021 | U48: =IF(OR(L48="",M48=""),"",1000*((1+L48/1000)/(1+M48/1000)-1)) -> -148.84952 | V48: =IF(J48="","",1000*((1+J48/1000)/(1+O48/1000)-1)) | W48: =IF(K48="","",1000*((1+K48/1000)/(1+O48/1000)-1)) -> -84.835631 | X48: =IF(L48="","",1000*((1+L48/1000)/(1+O48/1000)-1)) -> -113.46766 | Y48: =IF(OR(J48="",K48=""),"",K48-J48) | Z48: =IF(OR(K48="",L48=""),"",L48-K48) -> -27 | AA48: 10.1371/journal.pone.0112610 | AB48: https://journals.plos.org/plosone/article?id=10.1371/journal.pone.0112610 | AC48: https://doi.org/10.1371/journal.pone.0112610.s008
A49: Gao2014 | B49: sp48 | C49: Eudic | D49: Dicentra spectabilis | E49: F/H | F49: -215 | G49: -196 | H49: -215 | I49: -212 | J49: -218 | K49: -222 | L49: -171 | M49: -60.5 | N49: -36.7 | O49: -57 | P49: =IF(OR(J49="",N49=""),"",1000*((1+J49/1000)/(1+N49/1000)-1)) -> -188.2072 | Q49: =IF(OR(K49="",N49=""),"",1000*((1+K49/1000)/(1+N49/1000)-1)) -> -192.3596 | R49: =IF(OR(L49="",N49=""),"",1000*((1+L49/1000)/(1+N49/1000)-1)) -> -139.41659 | S49: =IF(OR(J49="",M49=""),"",1000*((1+J49/1000)/(1+M49/1000)-1)) -> -167.64236 | T49: =IF(OR(K49="",M49=""),"",1000*((1+K49/1000)/(1+M49/1000)-1)) -> -171.89995 | U49: =IF(OR(L49="",M49=""),"",1000*((1+L49/1000)/(1+M49/1000)-1)) -> -117.61575 | V49: =IF(J49="","",1000*((1+J49/1000)/(1+O49/1000)-1)) -> -170.73171 | W49: =IF(K49="","",1000*((1+K49/1000)/(1+O49/1000)-1)) -> -174.97349 | X49: =IF(L49="","",1000*((1+L49/1000)/(1+O49/1000)-1)) -> -120.89077 | Y49: =IF(OR(J49="",K49=""),"",K49-J49) -> -4 | Z49: =IF(OR(K49="",L49=""),"",L49-K49) -> 51 | AA49: 10.1371/journal.pone.0112610 | AB49: https://journals.plos.org/plosone/article?id=10.1371/journal.pone.0112610 | AC49: https://doi.org/10.1371/journal.pone.0112610.s008
A50: Gao2014 | B50: sp50 | C50: Eudic | D50: Rodgersia podophylla | E50: F/H | F50: -118 | G50: -122 | H50: -105 | I50: -127 | J50: -116 | K50: -124 | L50: -120 | M50: -15.8 | N50: -53.3 | O50: -57 | P50: =IF(OR(J50="",N50=""),"",1000*((1+J50/1000)/(1+N50/1000)-1)) -> -66.230062 | Q50: =IF(OR(K50="",N50=""),"",1000*((1+K50/1000)/(1+N50/1000)-1)) -> -74.680469 | R50: =IF(OR(L50="",N50=""),"",1000*((1+L50/1000)/(1+N50/1000)-1)) -> -70.455266 | S50: =IF(OR(J50="",M50=""),"",1000*((1+J50/1000)/(1+M50/1000)-1)) -> -101.80858 | T50: =IF(OR(K50="",M50=""),"",1000*((1+K50/1000)/(1+M50/1000)-1)) -> -109.937 | U50: =IF(OR(L50="",M50=""),"",1000*((1+L50/1000)/(1+M50/1000)-1)) -> -105.87279 | V50: =IF(J50="","",1000*((1+J50/1000)/(1+O50/1000)-1)) -> -62.566278 | W50: =IF(K50="","",1000*((1+K50/1000)/(1+O50/1000)-1)) -> -71.049841 | X50: =IF(L50="","",1000*((1+L50/1000)/(1+O50/1000)-1)) -> -66.808059 | Y50: =IF(OR(J50="",K50=""),"",K50-J50) -> -8 | Z50: =IF(OR(K50="",L50=""),"",L50-K50) -> 4 | AA50: 10.1371/journal.pone.0112610 | AB50: https://journals.plos.org/plosone/article?id=10.1371/journal.pone.0112610 | AC50: https://doi.org/10.1371/journal.pone.0112610.s008
A51: Gao2014 | B51: sp51 | C51: Eudic | D51: Genipa americana | E51: Tree | F51: -150 | G51: -116 | H51: -121 | I51: -121 | K51: -123 | M51: -70.4 | O51: -57 | P51: =IF(OR(J51="",N51=""),"",1000*((1+J51/1000)/(1+N51/1000)-1)) | Q51: =IF(OR(K51="",N51=""),"",1000*((1+K51/1000)/(1+N51/1000)-1)) | R51: =IF(OR(L51="",N51=""),"",1000*((1+L51/1000)/(1+N51/1000)-1)) | S51: =IF(OR(J51="",M51=""),"",1000*((1+J51/1000)/(1+M51/1000)-1)) | T51: =IF(OR(K51="",M51=""),"",1000*((1+K51/1000)/(1+M51/1000)-1)) -> -56.583477 | U51: =IF(OR(L51="",M51=""),"",1000*((1+L51/1000)/(1+M51/1000)-1)) | V51: =IF(J51="","",1000*((1+J51/1000)/(1+O51/1000)-1)) | W51: =IF(K51="","",1000*((1+K51/1000)/(1+O51/1000)-1)) -> -69.989396 | X51: =IF(L51="","",1000*((1+L51/1000)/(1+O51/1000)-1)) | Y51: =IF(OR(J51="",K51=""),"",K51-J51) | Z51: =IF(OR(K51="",L51=""),"",L51-K51) | AA51: 10.1371/journal.pone.0112610 | AB51: https://journals.plos.org/plosone/article?id=10.1371/journal.pone.0112610 | AC51: https://doi.org/10.1371/journal.pone.0112610.s008
A52: Gao2014 | B52: sp52 | C52: Eudic | D52: Nyssa sylvatica | E52: Tree | F52: -136 | G52: -137 | H52: -155 | I52: -223 | J52: -122 | K52: -169 | L52: -118 | M52: -16.5 | N52: -49.4 | O52: -57 | P52: =IF(OR(J52="",N52=""),"",1000*((1+J52/1000)/(1+N52/1000)-1)) -> -76.372817 | Q52: =IF(OR(K52="",N52=""),"",1000*((1+K52/1000)/(1+N52/1000)-1)) -> -125.81527 | R52: =IF(OR(L52="",N52=""),"",1000*((1+L52/1000)/(1+N52/1000)-1)) -> -72.164948 | S52: =IF(OR(J52="",M52=""),"",1000*((1+J52/1000)/(1+M52/1000)-1)) -> -107.26995 | T52: =IF(OR(K52="",M52=""),"",1000*((1+K52/1000)/(1+M52/1000)-1)) -> -155.05846 | U52: =IF(OR(L52="",M52=""),"",1000*((1+L52/1000)/(1+M52/1000)-1)) -> -103.20285 | V52: =IF(J52="","",1000*((1+J52/1000)/(1+O52/1000)-1)) -> -68.92895 | W52: =IF(K52="","",1000*((1+K52/1000)/(1+O52/1000)-1)) -> -118.76988 | X52: =IF(L52="","",1000*((1+L52/1000)/(1+O52/1000)-1)) -> -64.687169 | Y52: =IF(OR(J52="",K52=""),"",K52-J52) -> -47 | Z52: =IF(OR(K52="",L52=""),"",L52-K52) -> 51 | AA52: 10.1371/journal.pone.0112610 | AB52: https://journals.plos.org/plosone/article?id=10.1371/journal.pone.0112610 | AC52: https://doi.org/10.1371/journal.pone.0112610.s008
A53: Gao2014 | B53: sp53 | C53: Eudic | D53: Hevea brasiliensis | E53: Tree | F53: -123 | G53: -118 | H53: -131 | I53: -139 | K53: -137 | L53: -150 | M53: -18.9 | N53: -67.2 | O53: -57 | P53: =IF(OR(J53="",N53=""),"",1000*((1+J53/1000)/(1+N53/1000)-1)) | Q53: =IF(OR(K53="",N53=""),"",1000*((1+K53/1000)/(1+N53/1000)-1)) -> -74.828473 | R53: =IF(OR(L53="",N53=""),"",1000*((1+L53/1000)/(1+N53/1000)-1)) -> -88.765009 | S53: =IF(OR(J53="",M53=""),"",1000*((1+J53/1000)/(1+M53/1000)-1)) | T53: =IF(OR(K53="",M53=""),"",1000*((1+K53/1000)/(1+M53/1000)-1)) -> -120.37509 | U53: =IF(OR(L53="",M53=""),"",1000*((1+L53/1000)/(1+M53/1000)-1)) -> -133.62552 | V53: =IF(J53="","",1000*((1+J53/1000)/(1+O53/1000)-1)) | W53: =IF(K53="","",1000*((1+K53/1000)/(1+O53/1000)-1)) -> -84.835631 | X53: =IF(L53="","",1000*((1+L53/1000)/(1+O53/1000)-1)) -> -98.621421 | Y53: =IF(OR(J53="",K53=""),"",K53-J53) | Z53: =IF(OR(K53="",L53=""),"",L53-K53) -> -13 | AA53: 10.1371/journal.pone.0112610 | AB53: https://journals.plos.org/plosone/article?id=10.1371/journal.pone.0112610 | AC53: https://doi.org/10.1371/journal.pone.0112610.s008
A54: Gao2014 | B54: sp54 | C54: Eudic | D54: Cercidiphyllum japonicum | E54: Tree | F54: -156 | G54: -149 | J54: -81 | K54: -150 | L54: -155 | M54: -13.5 | N54: -48.2 | O54: -57 | P54: =IF(OR(J54="",N54=""),"",1000*((1+J54/1000)/(1+N54/1000)-1)) -> -34.461021 | Q54: =IF(OR(K54="",N54=""),"",1000*((1+K54/1000)/(1+N54/1000)-1)) -> -106.95524 | R54: =IF(OR(L54="",N54=""),"",1000*((1+L54/1000)/(1+N54/1000)-1)) -> -112.20845 | S54: =IF(OR(J54="",M54=""),"",1000*((1+J54/1000)/(1+M54/1000)-1)) -> -68.42372 | T54: =IF(OR(K54="",M54=""),"",1000*((1+K54/1000)/(1+M54/1000)-1)) -> -138.36797 | U54: =IF(OR(L54="",M54=""),"",1000*((1+L54/1000)/(1+M54/1000)-1)) -> -143.43639 | V54: =IF(J54="","",1000*((1+J54/1000)/(1+O54/1000)-1)) -> -25.450689 | W54: =IF(K54="","",1000*((1+K54/1000)/(1+O54/1000)-1)) -> -98.621421 | X54: =IF(L54="","",1000*((1+L54/1000)/(1+O54/1000)-1)) -> -103.92365 | Y54: =IF(OR(J54="",K54=""),"",K54-J54) -> -69 | Z54: =IF(OR(K54="",L54=""),"",L54-K54) -> -5 | AA54: 10.1371/journal.pone.0112610 | AB54: https://journals.plos.org/plosone/article?id=10.1371/journal.pone.0112610 | AC54: https://doi.org/10.1371/journal.pone.0112610.s008
A55: Gao2014 | B55: sp55 | C55: Eudic | D55: Liquidambar styraciflua | E55: Tree | F55: -135 | G55: -143 | H55: -143 | I55: -165 | K55: -141 | L55: -137 | M55: -14.1 | N55: -39.4 | O55: -57 | P55: =IF(OR(J55="",N55=""),"",1000*((1+J55/1000)/(1+N55/1000)-1)) | Q55: =IF(OR(K55="",N55=""),"",1000*((1+K55/1000)/(1+N55/1000)-1)) -> -105.76723 | R55: =IF(OR(L55="",N55=""),"",1000*((1+L55/1000)/(1+N55/1000)-1)) -> -101.60316 | S55: =IF(OR(J55="",M55=""),"",1000*((1+J55/1000)/(1+M55/1000)-1)) | T55: =IF(OR(K55="",M55=""),"",1000*((1+K55/1000)/(1+M55/1000)-1)) -> -128.71488 | U55: =IF(OR(L55="",M55=""),"",1000*((1+L55/1000)/(1+M55/1000)-1)) -> -124.65767 | V55: =IF(J55="","",1000*((1+J55/1000)/(1+O55/1000)-1)) | W55: =IF(K55="","",1000*((1+K55/1000)/(1+O55/1000)-1)) -> -89.077413 | X55: =IF(L55="","",1000*((1+L55/1000)/(1+O55/1000)-1)) -> -84.835631 | Y55: =IF(OR(J55="",K55=""),"",K55-J55) | Z55: =IF(OR(K55="",L55=""),"",L55-K55) -> 4 | AA55: 10.1371/journal.pone.0112610 | AB55: https://journals.plos.org/plosone/article?id=10.1371/journal.pone.0112610 | AC55: https://doi.org/10.1371/journal.pone.0112610.s008
A56: Gao2014 | B56: sp57 | C56: Eudic | D56: Coffea arabica | E56: Shrub | F56: -119 | G56: -134 | H56: -160 | I56: -141 | K56: -143 | L56: -148 | M56: -9.9 | N56: -39.3 | O56: -57 | P56: =IF(OR(J56="",N56=""),"",1000*((1+J56/1000)/(1+N56/1000)-1)) | Q56: =IF(OR(K56="",N56=""),"",1000*((1+K56/1000)/(1+N56/1000)-1)) -> -107.94213 | R56: =IF(OR(L56="",N56=""),"",1000*((1+L56/1000)/(1+N56/1000)-1)) -> -113.14666 | S56: =IF(OR(J56="",M56=""),"",1000*((1+J56/1000)/(1+M56/1000)-1)) | T56: =IF(OR(K56="",M56=""),"",1000*((1+K56/1000)/(1+M56/1000)-1)) -> -134.43087 | U56: =IF(OR(L56="",M56=""),"",1000*((1+L56/1000)/(1+M56/1000)-1)) -> -139.48086 | V56: =IF(J56="","",1000*((1+J56/1000)/(1+O56/1000)-1)) | W56: =IF(K56="","",1000*((1+K56/1000)/(1+O56/1000)-1)) -> -91.198303 | X56: =IF(L56="","",1000*((1+L56/1000)/(1+O56/1000)-1)) -> -96.50053 | Y56: =IF(OR(J56="",K56=""),"",K56-J56) | Z56: =IF(OR(K56="",L56=""),"",L56-K56) -> -5 | AA56: 10.1371/journal.pone.0112610 | AB56: https://journals.plos.org/plosone/article?id=10.1371/journal.pone.0112610 | AC56: https://doi.org/10.1371/journal.pone.0112610.s008
A57: Gao2014 | B57: sp58 | C57: Eudic | D57: Brunfelsia pilosa | E57: Shrub | F57: -104 | G57: -98 | I57: -139 | J57: -128 | K57: -136 | L57: -121 | M57: -38.7 | N57: -38.6 | O57: -57 | P57: =IF(OR(J57="",N57=""),"",1000*((1+J57/1000)/(1+N57/1000)-1)) -> -92.98939 | Q57: =IF(OR(K57="",N57=""),"",1000*((1+K57/1000)/(1+N57/1000)-1)) -> -101.31059 | R57: =IF(OR(L57="",N57=""),"",1000*((1+L57/1000)/(1+N57/1000)-1)) -> -85.708342 | S57: =IF(OR(J57="",M57=""),"",1000*((1+J57/1000)/(1+M57/1000)-1)) -> -92.895038 | T57: =IF(OR(K57="",M57=""),"",1000*((1+K57/1000)/(1+M57/1000)-1)) -> -101.2171 | U57: =IF(OR(L57="",M57=""),"",1000*((1+L57/1000)/(1+M57/1000)-1)) -> -85.613232 | V57: =IF(J57="","",1000*((1+J57/1000)/(1+O57/1000)-1)) -> -75.291622 | W57: =IF(K57="","",1000*((1+K57/1000)/(1+O57/1000)-1)) -> -83.775186 | X57: =IF(L57="","",1000*((1+L57/1000)/(1+O57/1000)-1)) -> -67.868505 | Y57: =IF(OR(J57="",K57=""),"",K57-J57) -> -8 | Z57: =IF(OR(K57="",L57=""),"",L57-K57) -> 15 | AA57: 10.1371/journal.pone.0112610 | AB57: https://journals.plos.org/plosone/article?id=10.1371/journal.pone.0112610 | AC57: https://doi.org/10.1371/journal.pone.0112610.s008
A58: Gao2014 | B58: sp59 | C58: Eudic | D58: Ilex americana | E58: Tree | F58: -176 | G58: -177 | H58: -168 | I58: -154 | J58: -112 | K58: -156 | L58: -159 | M58: -29 | N58: -46.1 | O58: -57 | P58: =IF(OR(J58="",N58=""),"",1000*((1+J58/1000)/(1+N58/1000)-1)) -> -69.08481 | Q58: =IF(OR(K58="",N58=""),"",1000*((1+K58/1000)/(1+N58/1000)-1)) -> -115.21124 | R58: =IF(OR(L58="",N58=""),"",1000*((1+L58/1000)/(1+N58/1000)-1)) -> -118.35622 | S58: =IF(OR(J58="",M58=""),"",1000*((1+J58/1000)/(1+M58/1000)-1)) -> -85.478888 | T58: =IF(OR(K58="",M58=""),"",1000*((1+K58/1000)/(1+M58/1000)-1)) -> -130.793 | U58: =IF(OR(L58="",M58=""),"",1000*((1+L58/1000)/(1+M58/1000)-1)) -> -133.8826 | V58: =IF(J58="","",1000*((1+J58/1000)/(1+O58/1000)-1)) -> -58.324496 | W58: =IF(K58="","",1000*((1+K58/1000)/(1+O58/1000)-1)) -> -104.98409 | X58: =IF(L58="","",1000*((1+L58/1000)/(1+O58/1000)-1)) -> -108.16543 | Y58: =IF(OR(J58="",K58=""),"",K58-J58) -> -44 | Z58: =IF(OR(K58="",L58=""),"",L58-K58) -> -3 | AA58: 10.1371/journal.pone.0112610 | AB58: https://journals.plos.org/plosone/article?id=10.1371/journal.pone.0112610 | AC58: https://doi.org/10.1371/journal.pone.0112610.s008
A59: Gao2014 | B59: sp60 | C59: Eudic | D59: Prosopis glandulosa | E59: Tree | F59: -147 | G59: -146 | H59: -147 | I59: -160 | J59: -197 | K59: -204 | L59: -182 | M59: -23.8 | N59: -70 | O59: -57 | P59: =IF(OR(J59="",N59=""),"",1000*((1+J59/1000)/(1+N59/1000)-1)) -> -136.55914 | Q59: =IF(OR(K59="",N59=""),"",1000*((1+K59/1000)/(1+N59/1000)-1)) -> -144.08602 | R59: =IF(OR(L59="",N59=""),"",1000*((1+L59/1000)/(1+N59/1000)-1)) -> -120.43011 | S59: =IF(OR(J59="",M59=""),"",1000*((1+J59/1000)/(1+M59/1000)-1)) -> -177.42266 | T59: =IF(OR(K59="",M59=""),"",1000*((1+K59/1000)/(1+M59/1000)-1)) -> -184.59332 | U59: =IF(OR(L59="",M59=""),"",1000*((1+L59/1000)/(1+M59/1000)-1)) -> -162.05696 | V59: =IF(J59="","",1000*((1+J59/1000)/(1+O59/1000)-1)) -> -148.46235 | W59: =IF(K59="","",1000*((1+K59/1000)/(1+O59/1000)-1)) -> -155.88547 | X59: =IF(L59="","",1000*((1+L59/1000)/(1+O59/1000)-1)) -> -132.55567 | Y59: =IF(OR(J59="",K59=""),"",K59-J59) -> -7 | Z59: =IF(OR(K59="",L59=""),"",L59-K59) -> 22 | AA59: 10.1371/journal.pone.0112610 | AB59: https://journals.plos.org/plosone/article?id=10.1371/journal.pone.0112610 | AC59: https://doi.org/10.1371/journal.pone.0112610.s008
A60: Gao2014 | B60: sp61 | C60: Eudic | D60: Cotinus coggygria 'Royal Purple' | E60: Shrub | F60: -149 | G60: -138 | H60: -146 | I60: -136 | K60: -137 | L60: -130 | M60: -16.5 | N60: -48.1 | O60: -57 | P60: =IF(OR(J60="",N60=""),"",1000*((1+J60/1000)/(1+N60/1000)-1)) | Q60: =IF(OR(K60="",N60=""),"",1000*((1+K60/1000)/(1+N60/1000)-1)) -> -93.392163 | R60: =IF(OR(L60="",N60=""),"",1000*((1+L60/1000)/(1+N60/1000)-1)) -> -86.038449 | S60: =IF(OR(J60="",M60=""),"",1000*((1+J60/1000)/(1+M60/1000)-1)) | T60: =IF(OR(K60="",M60=""),"",1000*((1+K60/1000)/(1+M60/1000)-1)) -> -122.52161 | U60: =IF(OR(L60="",M60=""),"",1000*((1+L60/1000)/(1+M60/1000)-1)) -> -115.40417 | V60: =IF(J60="","",1000*((1+J60/1000)/(1+O60/1000)-1)) | W60: =IF(K60="","",1000*((1+K60/1000)/(1+O60/1000)-1)) -> -84.835631 | X60: =IF(L60="","",1000*((1+L60/1000)/(1+O60/1000)-1)) -> -77.412513 | Y60: =IF(OR(J60="",K60=""),"",K60-J60) | Z60: =IF(OR(K60="",L60=""),"",L60-K60) -> 7 | AA60: 10.1371/journal.pone.0112610 | AB60: https://journals.plos.org/plosone/article?id=10.1371/journal.pone.0112610 | AC60: https://doi.org/10.1371/journal.pone.0112610.s008
A61: Gao2014 | B61: sp62 | C61: Eudic | D61: Bocconia frutescens | E61: Tree | F61: -168 | G61: -176 | H61: -177 | I61: -175 | J61: -154 | K61: -155 | L61: -129 | M61: -19.4 | N61: -44 | O61: -57 | P61: =IF(OR(J61="",N61=""),"",1000*((1+J61/1000)/(1+N61/1000)-1)) -> -115.06276 | Q61: =IF(OR(K61="",N61=""),"",1000*((1+K61/1000)/(1+N61/1000)-1)) -> -116.10879 | R61: =IF(OR(L61="",N61=""),"",1000*((1+L61/1000)/(1+N61/1000)-1)) -> -88.912134 | S61: =IF(OR(J61="",M61=""),"",1000*((1+J61/1000)/(1+M61/1000)-1)) -> -137.2629 | T61: =IF(OR(K61="",M61=""),"",1000*((1+K61/1000)/(1+M61/1000)-1)) -> -138.28268 | U61: =IF(OR(L61="",M61=""),"",1000*((1+L61/1000)/(1+M61/1000)-1)) -> -111.76831 | V61: =IF(J61="","",1000*((1+J61/1000)/(1+O61/1000)-1)) -> -102.8632 | W61: =IF(K61="","",1000*((1+K61/1000)/(1+O61/1000)-1)) -> -103.92365 | X61: =IF(L61="","",1000*((1+L61/1000)/(1+O61/1000)-1)) -> -76.352068 | Y61: =IF(OR(J61="",K61=""),"",K61-J61) -> -1 | Z61: =IF(OR(K61="",L61=""),"",L61-K61) -> 26 | AA61: 10.1371/journal.pone.0112610 | AB61: https://journals.plos.org/plosone/article?id=10.1371/journal.pone.0112610 | AC61: https://doi.org/10.1371/journal.pone.0112610.s008
A62: Gao2014 | B62: sp63 | C62: Eudic | D62: Simmondsia chinensis | E62: Shrub | F62: -183 | G62: -181 | H62: -177 | I62: -167 | J62: -168 | K62: -166 | L62: -172 | M62: -10.4 | N62: -60 | O62: -57 | P62: =IF(OR(J62="",N62=""),"",1000*((1+J62/1000)/(1+N62/1000)-1)) -> -114.89362 | Q62: =IF(OR(K62="",N62=""),"",1000*((1+K62/1000)/(1+N62/1000)-1)) -> -112.76596 | R62: =IF(OR(L62="",N62=""),"",1000*((1+L62/1000)/(1+N62/1000)-1)) -> -119.14894 | S62: =IF(OR(J62="",M62=""),"",1000*((1+J62/1000)/(1+M62/1000)-1)) -> -159.25627 | T62: =IF(OR(K62="",M62=""),"",1000*((1+K62/1000)/(1+M62/1000)-1)) -> -157.23525 | U62: =IF(OR(L62="",M62=""),"",1000*((1+L62/1000)/(1+M62/1000)-1)) -> -163.2983 | V62: =IF(J62="","",1000*((1+J62/1000)/(1+O62/1000)-1)) -> -117.70944 | W62: =IF(K62="","",1000*((1+K62/1000)/(1+O62/1000)-1)) -> -115.58855 | X62: =IF(L62="","",1000*((1+L62/1000)/(1+O62/1000)-1)) -> -121.95122 | Y62: =IF(OR(J62="",K62=""),"",K62-J62) -> 2 | Z62: =IF(OR(K62="",L62=""),"",L62-K62) -> -6 | AA62: 10.1371/journal.pone.0112610 | AB62: https://journals.plos.org/plosone/article?id=10.1371/journal.pone.0112610 | AC62: https://doi.org/10.1371/journal.pone.0112610.s008
A63: Gao2014 | B63: sp64 | C63: Eudic | D63: Angelica gigas | E63: Shrub | F63: -144 | G63: -142 | H63: -144 | I63: -142 | J63: -143 | K63: -140 | L63: -112 | M63: -29.3 | N63: -51.3 | O63: -57 | P63: =IF(OR(J63="",N63=""),"",1000*((1+J63/1000)/(1+N63/1000)-1)) -> -96.658585 | Q63: =IF(OR(K63="",N63=""),"",1000*((1+K63/1000)/(1+N63/1000)-1)) -> -93.496363 | R63: =IF(OR(L63="",N63=""),"",1000*((1+L63/1000)/(1+N63/1000)-1)) -> -63.982292 | S63: =IF(OR(J63="",M63=""),"",1000*((1+J63/1000)/(1+M63/1000)-1)) -> -117.13197 | T63: =IF(OR(K63="",M63=""),"",1000*((1+K63/1000)/(1+M63/1000)-1)) -> -114.04141 | U63: =IF(OR(L63="",M63=""),"",1000*((1+L63/1000)/(1+M63/1000)-1)) -> -85.19625 | V63: =IF(J63="","",1000*((1+J63/1000)/(1+O63/1000)-1)) -> -91.198303 | W63: =IF(K63="","",1000*((1+K63/1000)/(1+O63/1000)-1)) -> -88.016967 | X63: =IF(L63="","",1000*((1+L63/1000)/(1+O63/1000)-1)) -> -58.324496 | Y63: =IF(OR(J63="",K63=""),"",K63-J63) -> 3 | Z63: =IF(OR(K63="",L63=""),"",L63-K63) -> 28 | AA63: 10.1371/journal.pone.0112610 | AB63: https://journals.plos.org/plosone/article?id=10.1371/journal.pone.0112610 | AC63: https://doi.org/10.1371/journal.pone.0112610.s008
A64: Gao2014 | B64: sp65 | C64: Eudic | D64: Oreopanax capitatus | E64: Shrub | F64: -189 | G64: -193 | H64: -197 | I64: -185 | J64: -173 | K64: -165 | L64: -158 | M64: -14.6 | N64: -70.9 | O64: -57 | P64: =IF(OR(J64="",N64=""),"",1000*((1+J64/1000)/(1+N64/1000)-1)) -> -109.89129 | Q64: =IF(OR(K64="",N64=""),"",1000*((1+K64/1000)/(1+N64/1000)-1)) -> -101.28081 | R64: =IF(OR(L64="",N64=""),"",1000*((1+L64/1000)/(1+N64/1000)-1)) -> -93.746637 | S64: =IF(OR(J64="",M64=""),"",1000*((1+J64/1000)/(1+M64/1000)-1)) -> -160.7469 | T64: =IF(OR(K64="",M64=""),"",1000*((1+K64/1000)/(1+M64/1000)-1)) -> -152.62837 | U64: =IF(OR(L64="",M64=""),"",1000*((1+L64/1000)/(1+M64/1000)-1)) -> -145.52466 | V64: =IF(J64="","",1000*((1+J64/1000)/(1+O64/1000)-1)) -> -123.01166 | W64: =IF(K64="","",1000*((1+K64/1000)/(1+O64/1000)-1)) -> -114.5281 | X64: =IF(L64="","",1000*((1+L64/1000)/(1+O64/1000)-1)) -> -107.10498 | Y64: =IF(OR(J64="",K64=""),"",K64-J64) -> 8 | Z64: =IF(OR(K64="",L64=""),"",L64-K64) -> 7 | AA64: 10.1371/journal.pone.0112610 | AB64: https://journals.plos.org/plosone/article?id=10.1371/journal.pone.0112610 | AC64: https://doi.org/10.1371/journal.pone.0112610.s008
A65: Gao2014 | B65: sp66 | C65: Eudic | D65: Macleania insignis | E65: Shrub | F65: -140 | G65: -156 | H65: -179 | I65: -166 | J65: -117 | K65: -141 | L65: -153 | M65: -8.4 | O65: -57 | P65: =IF(OR(J65="",N65=""),"",1000*((1+J65/1000)/(1+N65/1000)-1)) | Q65: =IF(OR(K65="",N65=""),"",1000*((1+K65/1000)/(1+N65/1000)-1)) | R65: =IF(OR(L65="",N65=""),"",1000*((1+L65/1000)/(1+N65/1000)-1)) | S65: =IF(OR(J65="",M65=""),"",1000*((1+J65/1000)/(1+M65/1000)-1)) -> -109.51997 | T65: =IF(OR(K65="",M65=""),"",1000*((1+K65/1000)/(1+M65/1000)-1)) -> -133.72328 | U65: =IF(OR(L65="",M65=""),"",1000*((1+L65/1000)/(1+M65/1000)-1)) -> -145.82493 | V65: =IF(J65="","",1000*((1+J65/1000)/(1+O65/1000)-1)) -> -63.626723 | W65: =IF(K65="","",1000*((1+K65/1000)/(1+O65/1000)-1)) -> -89.077413 | X65: =IF(L65="","",1000*((1+L65/1000)/(1+O65/1000)-1)) -> -101.80276 | Y65: =IF(OR(J65="",K65=""),"",K65-J65) -> -24 | Z65: =IF(OR(K65="",L65=""),"",L65-K65) -> -12 | AA65: 10.1371/journal.pone.0112610 | AB65: https://journals.plos.org/plosone/article?id=10.1371/journal.pone.0112610 | AC65: https://doi.org/10.1371/journal.pone.0112610.s008
A66: Gao2014 | B66: sp68 | C66: Eudic | D66: Brunfelsia pauciflora | E66: Shrub | F66: -121 | G66: -145 | I66: -188 | K66: -129 | L66: -160 | M66: -30.4 | N66: -44.2 | O66: -57 | P66: =IF(OR(J66="",N66=""),"",1000*((1+J66/1000)/(1+N66/1000)-1)) | Q66: =IF(OR(K66="",N66=""),"",1000*((1+K66/1000)/(1+N66/1000)-1)) -> -88.72149 | R66: =IF(OR(L66="",N66=""),"",1000*((1+L66/1000)/(1+N66/1000)-1)) -> -121.15505 | S66: =IF(OR(J66="",M66=""),"",1000*((1+J66/1000)/(1+M66/1000)-1)) | T66: =IF(OR(K66="",M66=""),"",1000*((1+K66/1000)/(1+M66/1000)-1)) -> -101.69142 | U66: =IF(OR(L66="",M66=""),"",1000*((1+L66/1000)/(1+M66/1000)-1)) -> -133.66337 | V66: =IF(J66="","",1000*((1+J66/1000)/(1+O66/1000)-1)) | W66: =IF(K66="","",1000*((1+K66/1000)/(1+O66/1000)-1)) -> -76.352068 | X66: =IF(L66="","",1000*((1+L66/1000)/(1+O66/1000)-1)) -> -109.22587 | Y66: =IF(OR(J66="",K66=""),"",K66-J66) | Z66: =IF(OR(K66="",L66=""),"",L66-K66) -> -31 | AA66: 10.1371/journal.pone.0112610 | AB66: https://journals.plos.org/plosone/article?id=10.1371/journal.pone.0112610 | AC66: https://doi.org/10.1371/journal.pone.0112610.s008
A67: Gao2014 | B67: sp69 | C67: Eudic | D67: Oscularia deltoides | E67: Shrub | K67: -126 | L67: -155 | M67: 2.7 | N67: -47.4 | O67: -57 | P67: =IF(OR(J67="",N67=""),"",1000*((1+J67/1000)/(1+N67/1000)-1)) | Q67: =IF(OR(K67="",N67=""),"",1000*((1+K67/1000)/(1+N67/1000)-1)) -> -82.511022 | R67: =IF(OR(L67="",N67=""),"",1000*((1+L67/1000)/(1+N67/1000)-1)) -> -112.95402 | S67: =IF(OR(J67="",M67=""),"",1000*((1+J67/1000)/(1+M67/1000)-1)) | T67: =IF(OR(K67="",M67=""),"",1000*((1+K67/1000)/(1+M67/1000)-1)) -> -128.35345 | U67: =IF(OR(L67="",M67=""),"",1000*((1+L67/1000)/(1+M67/1000)-1)) -> -157.27536 | V67: =IF(J67="","",1000*((1+J67/1000)/(1+O67/1000)-1)) | W67: =IF(K67="","",1000*((1+K67/1000)/(1+O67/1000)-1)) -> -73.170732 | X67: =IF(L67="","",1000*((1+L67/1000)/(1+O67/1000)-1)) -> -103.92365 | Y67: =IF(OR(J67="",K67=""),"",K67-J67) | Z67: =IF(OR(K67="",L67=""),"",L67-K67) -> -29 | AA67: 10.1371/journal.pone.0112610 | AB67: https://journals.plos.org/plosone/article?id=10.1371/journal.pone.0112610 | AC67: https://doi.org/10.1371/journal.pone.0112610.s008
A68: Gao2014 | B68: sp70 | C68: Eudic | D68: Alluaudia humbertii | E68: Shrub | J68: -111 | K68: -154 | L68: -150 | M68: -3.6 | N68: -42.7 | O68: -57 | P68: =IF(OR(J68="",N68=""),"",1000*((1+J68/1000)/(1+N68/1000)-1)) -> -71.346495 | Q68: =IF(OR(K68="",N68=""),"",1000*((1+K68/1000)/(1+N68/1000)-1)) -> -116.26449 | R68: =IF(OR(L68="",N68=""),"",1000*((1+L68/1000)/(1+N68/1000)-1)) -> -112.08608 | S68: =IF(OR(J68="",M68=""),"",1000*((1+J68/1000)/(1+M68/1000)-1)) -> -107.78804 | T68: =IF(OR(K68="",M68=""),"",1000*((1+K68/1000)/(1+M68/1000)-1)) -> -150.9434 | U68: =IF(OR(L68="",M68=""),"",1000*((1+L68/1000)/(1+M68/1000)-1)) -> -146.92894 | V68: =IF(J68="","",1000*((1+J68/1000)/(1+O68/1000)-1)) -> -57.264051 | W68: =IF(K68="","",1000*((1+K68/1000)/(1+O68/1000)-1)) -> -102.8632 | X68: =IF(L68="","",1000*((1+L68/1000)/(1+O68/1000)-1)) -> -98.621421 | Y68: =IF(OR(J68="",K68=""),"",K68-J68) -> -43 | Z68: =IF(OR(K68="",L68=""),"",L68-K68) -> 4 | AA68: 10.1371/journal.pone.0112610 | AB68: https://journals.plos.org/plosone/article?id=10.1371/journal.pone.0112610 | AC68: https://doi.org/10.1371/journal.pone.0112610.s008
A69: Gao2014 | B69: sp71 | C69: Eudic | D69: Crassula ovata | E69: Shrub | F69: -137 | G69: -131 | H69: -155 | I69: -137 | K69: -119 | L69: -129 | M69: 2.3 | N69: -42.4 | O69: -57 | P69: =IF(OR(J69="",N69=""),"",1000*((1+J69/1000)/(1+N69/1000)-1)) | Q69: =IF(OR(K69="",N69=""),"",1000*((1+K69/1000)/(1+N69/1000)-1)) -> -79.991646 | R69: =IF(OR(L69="",N69=""),"",1000*((1+L69/1000)/(1+N69/1000)-1)) -> -90.434419 | S69: =IF(OR(J69="",M69=""),"",1000*((1+J69/1000)/(1+M69/1000)-1)) | T69: =IF(OR(K69="",M69=""),"",1000*((1+K69/1000)/(1+M69/1000)-1)) -> -121.02165 | U69: =IF(OR(L69="",M69=""),"",1000*((1+L69/1000)/(1+M69/1000)-1)) -> -130.9987 | V69: =IF(J69="","",1000*((1+J69/1000)/(1+O69/1000)-1)) | W69: =IF(K69="","",1000*((1+K69/1000)/(1+O69/1000)-1)) -> -65.747614 | X69: =IF(L69="","",1000*((1+L69/1000)/(1+O69/1000)-1)) -> -76.352068 | Y69: =IF(OR(J69="",K69=""),"",K69-J69) | Z69: =IF(OR(K69="",L69=""),"",L69-K69) -> -10 | AA69: 10.1371/journal.pone.0112610 | AB69: https://journals.plos.org/plosone/article?id=10.1371/journal.pone.0112610 | AC69: https://doi.org/10.1371/journal.pone.0112610.s008
A70: Gao2014 | B70: sp72 | C70: Eudic | D70: Crassula muscosa | E70: Shrub | F70: -157 | G70: -147 | H70: -163 | I70: -164 | J70: -69 | K70: -111 | L70: -138 | O70: -57 | P70: =IF(OR(J70="",N70=""),"",1000*((1+J70/1000)/(1+N70/1000)-1)) | Q70: =IF(OR(K70="",N70=""),"",1000*((1+K70/1000)/(1+N70/1000)-1)) | R70: =IF(OR(L70="",N70=""),"",1000*((1+L70/1000)/(1+N70/1000)-1)) | S70: =IF(OR(J70="",M70=""),"",1000*((1+J70/1000)/(1+M70/1000)-1)) | T70: =IF(OR(K70="",M70=""),"",1000*((1+K70/1000)/(1+M70/1000)-1)) | U70: =IF(OR(L70="",M70=""),"",1000*((1+L70/1000)/(1+M70/1000)-1)) | V70: =IF(J70="","",1000*((1+J70/1000)/(1+O70/1000)-1)) -> -12.725345 | W70: =IF(K70="","",1000*((1+K70/1000)/(1+O70/1000)-1)) -> -57.264051 | X70: =IF(L70="","",1000*((1+L70/1000)/(1+O70/1000)-1)) -> -85.896076 | Y70: =IF(OR(J70="",K70=""),"",K70-J70) -> -42 | Z70: =IF(OR(K70="",L70=""),"",L70-K70) -> -27 | AA70: 10.1371/journal.pone.0112610 | AB70: https://journals.plos.org/plosone/article?id=10.1371/journal.pone.0112610 | AC70: https://doi.org/10.1371/journal.pone.0112610.s008
A71: Gao2014 | B71: sp49 | C71: Magn | D71: Laurus nobilis | E71: Tree | F71: -196 | G71: -194 | H71: -193 | I71: -188 | J71: -186 | K71: -183 | L71: -171 | M71: -18.1 | N71: -58.2 | O71: -57 | P71: =IF(OR(J71="",N71=""),"",1000*((1+J71/1000)/(1+N71/1000)-1)) -> -135.6976 | Q71: =IF(OR(K71="",N71=""),"",1000*((1+K71/1000)/(1+N71/1000)-1)) -> -132.51221 | R71: =IF(OR(L71="",N71=""),"",1000*((1+L71/1000)/(1+N71/1000)-1)) -> -119.77065 | S71: =IF(OR(J71="",M71=""),"",1000*((1+J71/1000)/(1+M71/1000)-1)) -> -170.99501 | T71: =IF(OR(K71="",M71=""),"",1000*((1+K71/1000)/(1+M71/1000)-1)) -> -167.93971 | U71: =IF(OR(L71="",M71=""),"",1000*((1+L71/1000)/(1+M71/1000)-1)) -> -155.7185 | V71: =IF(J71="","",1000*((1+J71/1000)/(1+O71/1000)-1)) -> -136.79745 | W71: =IF(K71="","",1000*((1+K71/1000)/(1+O71/1000)-1)) -> -133.61612 | X71: =IF(L71="","",1000*((1+L71/1000)/(1+O71/1000)-1)) -> -120.89077 | Y71: =IF(OR(J71="",K71=""),"",K71-J71) -> 3 | Z71: =IF(OR(K71="",L71=""),"",L71-K71) -> 12 | AA71: 10.1371/journal.pone.0112610 | AB71: https://journals.plos.org/plosone/article?id=10.1371/journal.pone.0112610 | AC71: https://doi.org/10.1371/journal.pone.0112610.s008
A72: Gao2014 | B72: sp56 | C72: Magn | D72: Asarum europaeum | E72: F/H | F72: -150 | G72: -148 | H72: -153 | I72: -158 | J72: -138 | K72: -152 | L72: -156 | M72: -13.5 | N72: -32 | O72: -57 | P72: =IF(OR(J72="",N72=""),"",1000*((1+J72/1000)/(1+N72/1000)-1)) -> -109.50413 | Q72: =IF(OR(K72="",N72=""),"",1000*((1+K72/1000)/(1+N72/1000)-1)) -> -123.96694 | R72: =IF(OR(L72="",N72=""),"",1000*((1+L72/1000)/(1+N72/1000)-1)) -> -128.09917 | S72: =IF(OR(J72="",M72=""),"",1000*((1+J72/1000)/(1+M72/1000)-1)) -> -126.20375 | T72: =IF(OR(K72="",M72=""),"",1000*((1+K72/1000)/(1+M72/1000)-1)) -> -140.39534 | U72: =IF(OR(L72="",M72=""),"",1000*((1+L72/1000)/(1+M72/1000)-1)) -> -144.45008 | V72: =IF(J72="","",1000*((1+J72/1000)/(1+O72/1000)-1)) -> -85.896076 | W72: =IF(K72="","",1000*((1+K72/1000)/(1+O72/1000)-1)) -> -100.74231 | X72: =IF(L72="","",1000*((1+L72/1000)/(1+O72/1000)-1)) -> -104.98409 | Y72: =IF(OR(J72="",K72=""),"",K72-J72) -> -14 | Z72: =IF(OR(K72="",L72=""),"",L72-K72) -> -4 | AA72: 10.1371/journal.pone.0112610 | AB72: https://journals.plos.org/plosone/article?id=10.1371/journal.pone.0112610 | AC72: https://doi.org/10.1371/journal.pone.0112610.s008
A73: Gao2014 | B73: sp67 | C73: Magn | D73: Piper betle | E73: Shrub | F73: -157 | G73: -156 | H73: -158 | I73: -169 | K73: -150 | L73: -162 | M73: -12.8 | N73: -46.5 | O73: -57 | P73: =IF(OR(J73="",N73=""),"",1000*((1+J73/1000)/(1+N73/1000)-1)) | Q73: =IF(OR(K73="",N73=""),"",1000*((1+K73/1000)/(1+N73/1000)-1)) -> -108.54746 | R73: =IF(OR(L73="",N73=""),"",1000*((1+L73/1000)/(1+N73/1000)-1)) -> -121.13267 | S73: =IF(OR(J73="",M73=""),"",1000*((1+J73/1000)/(1+M73/1000)-1)) | T73: =IF(OR(K73="",M73=""),"",1000*((1+K73/1000)/(1+M73/1000)-1)) -> -138.97893 | U73: =IF(OR(L73="",M73=""),"",1000*((1+L73/1000)/(1+M73/1000)-1)) -> -151.13452 | V73: =IF(J73="","",1000*((1+J73/1000)/(1+O73/1000)-1)) | W73: =IF(K73="","",1000*((1+K73/1000)/(1+O73/1000)-1)) -> -98.621421 | X73: =IF(L73="","",1000*((1+L73/1000)/(1+O73/1000)-1)) -> -111.34677 | Y73: =IF(OR(J73="",K73=""),"",K73-J73) | Z73: =IF(OR(K73="",L73=""),"",L73-K73) -> -12 | AA73: 10.1371/journal.pone.0112610 | AB73: https://journals.plos.org/plosone/article?id=10.1371/journal.pone.0112610 | AC73: https://doi.org/10.1371/journal.pone.0112610.s008
A74: Gao2014 | B74: sp73 | C74: Monoc | D74: Dichorisandra thyrsiflora | E74: F/H | F74: -187 | G74: -186 | H74: -195 | I74: -203 | J74: -166 | K74: -181 | L74: -184 | M74: -8.6 | N74: -49.5 | O74: -57 | P74: =IF(OR(J74="",N74=""),"",1000*((1+J74/1000)/(1+N74/1000)-1)) -> -122.56707 | Q74: =IF(OR(K74="",N74=""),"",1000*((1+K74/1000)/(1+N74/1000)-1)) -> -138.34824 | R74: =IF(OR(L74="",N74=""),"",1000*((1+L74/1000)/(1+N74/1000)-1)) -> -141.50447 | S74: =IF(OR(J74="",M74=""),"",1000*((1+J74/1000)/(1+M74/1000)-1)) -> -158.76538 | T74: =IF(OR(K74="",M74=""),"",1000*((1+K74/1000)/(1+M74/1000)-1)) -> -173.8955 | U74: =IF(OR(L74="",M74=""),"",1000*((1+L74/1000)/(1+M74/1000)-1)) -> -176.92153 | V74: =IF(J74="","",1000*((1+J74/1000)/(1+O74/1000)-1)) -> -115.58855 | W74: =IF(K74="","",1000*((1+K74/1000)/(1+O74/1000)-1)) -> -131.49523 | X74: =IF(L74="","",1000*((1+L74/1000)/(1+O74/1000)-1)) -> -134.67656 | Y74: =IF(OR(J74="",K74=""),"",K74-J74) -> -15 | Z74: =IF(OR(K74="",L74=""),"",L74-K74) -> -3 | AA74: 10.1371/journal.pone.0112610 | AB74: https://journals.plos.org/plosone/article?id=10.1371/journal.pone.0112610 | AC74: https://doi.org/10.1371/journal.pone.0112610.s008
A75: Gao2014 | B75: sp74 | C75: Monoc | D75: Costus barbatus | E75: F/H | F75: -155 | G75: -168 | H75: -167 | I75: -164 | K75: -145 | L75: -158 | M75: 1.8 | N75: -44.2 | O75: -57 | P75: =IF(OR(J75="",N75=""),"",1000*((1+J75/1000)/(1+N75/1000)-1)) | Q75: =IF(OR(K75="",N75=""),"",1000*((1+K75/1000)/(1+N75/1000)-1)) -> -105.46139 | R75: =IF(OR(L75="",N75=""),"",1000*((1+L75/1000)/(1+N75/1000)-1)) -> -119.06257 | S75: =IF(OR(J75="",M75=""),"",1000*((1+J75/1000)/(1+M75/1000)-1)) | T75: =IF(OR(K75="",M75=""),"",1000*((1+K75/1000)/(1+M75/1000)-1)) -> -146.53623 | U75: =IF(OR(L75="",M75=""),"",1000*((1+L75/1000)/(1+M75/1000)-1)) -> -159.51288 | V75: =IF(J75="","",1000*((1+J75/1000)/(1+O75/1000)-1)) | W75: =IF(K75="","",1000*((1+K75/1000)/(1+O75/1000)-1)) -> -93.319194 | X75: =IF(L75="","",1000*((1+L75/1000)/(1+O75/1000)-1)) -> -107.10498 | Y75: =IF(OR(J75="",K75=""),"",K75-J75) | Z75: =IF(OR(K75="",L75=""),"",L75-K75) -> -13 | AA75: 10.1371/journal.pone.0112610 | AB75: https://journals.plos.org/plosone/article?id=10.1371/journal.pone.0112610 | AC75: https://doi.org/10.1371/journal.pone.0112610.s008
A76: Gao2014 | B76: sp75 | C76: Monoc | D76: Iris sp. | E76: F/H | F76: -176 | G76: -191 | H76: -199 | I76: -204 | J76: -179 | K76: -180 | L76: -186 | M76: -37.1 | N76: -63.6 | O76: -57 | P76: =IF(OR(J76="",N76=""),"",1000*((1+J76/1000)/(1+N76/1000)-1)) -> -123.23793 | Q76: =IF(OR(K76="",N76=""),"",1000*((1+K76/1000)/(1+N76/1000)-1)) -> -124.30585 | R76: =IF(OR(L76="",N76=""),"",1000*((1+L76/1000)/(1+N76/1000)-1)) -> -130.71337 | S76: =IF(OR(J76="",M76=""),"",1000*((1+J76/1000)/(1+M76/1000)-1)) -> -147.36733 | T76: =IF(OR(K76="",M76=""),"",1000*((1+K76/1000)/(1+M76/1000)-1)) -> -148.40586 | U76: =IF(OR(L76="",M76=""),"",1000*((1+L76/1000)/(1+M76/1000)-1)) -> -154.63703 | V76: =IF(J76="","",1000*((1+J76/1000)/(1+O76/1000)-1)) -> -129.37434 | W76: =IF(K76="","",1000*((1+K76/1000)/(1+O76/1000)-1)) -> -130.43478 | X76: =IF(L76="","",1000*((1+L76/1000)/(1+O76/1000)-1)) -> -136.79745 | Y76: =IF(OR(J76="",K76=""),"",K76-J76) -> -1 | Z76: =IF(OR(K76="",L76=""),"",L76-K76) -> -6 | AA76: 10.1371/journal.pone.0112610 | AB76: https://journals.plos.org/plosone/article?id=10.1371/journal.pone.0112610 | AC76: https://doi.org/10.1371/journal.pone.0112610.s008
A77: Gao2014 | B77: sp76 | C77: Monoc | D77: Spathoglottis plicata | E77: F/H | F77: -165 | G77: -176 | H77: -179 | I77: -180 | J77: -154 | K77: -169 | L77: -188 | M77: -0.9 | N77: -48.3 | O77: -57 | P77: =IF(OR(J77="",N77=""),"",1000*((1+J77/1000)/(1+N77/1000)-1)) -> -111.06441 | Q77: =IF(OR(K77="",N77=""),"",1000*((1+K77/1000)/(1+N77/1000)-1)) -> -126.82568 | R77: =IF(OR(L77="",N77=""),"",1000*((1+L77/1000)/(1+N77/1000)-1)) -> -146.78995 | S77: =IF(OR(J77="",M77=""),"",1000*((1+J77/1000)/(1+M77/1000)-1)) -> -153.23791 | T77: =IF(OR(K77="",M77=""),"",1000*((1+K77/1000)/(1+M77/1000)-1)) -> -168.25143 | U77: =IF(OR(L77="",M77=""),"",1000*((1+L77/1000)/(1+M77/1000)-1)) -> -187.26854 | V77: =IF(J77="","",1000*((1+J77/1000)/(1+O77/1000)-1)) -> -102.8632 | W77: =IF(K77="","",1000*((1+K77/1000)/(1+O77/1000)-1)) -> -118.76988 | X77: =IF(L77="","",1000*((1+L77/1000)/(1+O77/1000)-1)) -> -138.91835 | Y77: =IF(OR(J77="",K77=""),"",K77-J77) -> -15 | Z77: =IF(OR(K77="",L77=""),"",L77-K77) -> -19 | AA77: 10.1371/journal.pone.0112610 | AB77: https://journals.plos.org/plosone/article?id=10.1371/journal.pone.0112610 | AC77: https://doi.org/10.1371/journal.pone.0112610.s008
A78: Gao2014 | B78: sp77 | C78: Monoc | D78: Vanda tricolor var. planilabris | E78: F/H | F78: -140 | G78: -146 | H78: -157 | I78: -151 | J78: -148 | K78: -152 | L78: -161 | M78: 9 | N78: -7.6 | O78: -57 | P78: =IF(OR(J78="",N78=""),"",1000*((1+J78/1000)/(1+N78/1000)-1)) -> -141.47521 | Q78: =IF(OR(K78="",N78=""),"",1000*((1+K78/1000)/(1+N78/1000)-1)) -> -145.50584 | R78: =IF(OR(L78="",N78=""),"",1000*((1+L78/1000)/(1+N78/1000)-1)) -> -154.57477 | S78: =IF(OR(J78="",M78=""),"",1000*((1+J78/1000)/(1+M78/1000)-1)) -> -155.5996 | T78: =IF(OR(K78="",M78=""),"",1000*((1+K78/1000)/(1+M78/1000)-1)) -> -159.56392 | U78: =IF(OR(L78="",M78=""),"",1000*((1+L78/1000)/(1+M78/1000)-1)) -> -168.48365 | V78: =IF(J78="","",1000*((1+J78/1000)/(1+O78/1000)-1)) -> -96.50053 | W78: =IF(K78="","",1000*((1+K78/1000)/(1+O78/1000)-1)) -> -100.74231 | X78: =IF(L78="","",1000*((1+L78/1000)/(1+O78/1000)-1)) -> -110.28632 | Y78: =IF(OR(J78="",K78=""),"",K78-J78) -> -4 | Z78: =IF(OR(K78="",L78=""),"",L78-K78) -> -9 | AA78: 10.1371/journal.pone.0112610 | AB78: https://journals.plos.org/plosone/article?id=10.1371/journal.pone.0112610 | AC78: https://doi.org/10.1371/journal.pone.0112610.s008
A79: Gao2014 | B79: sp78 | C79: Monoc | D79: Hosta plantaginea 'Aphrodite' | E79: F/H | F79: -193 | G79: -205 | H79: -214 | I79: -221 | J79: -197 | K79: -197 | L79: -186 | M79: -32.6 | N79: -64.7 | O79: -57 | P79: =IF(OR(J79="",N79=""),"",1000*((1+J79/1000)/(1+N79/1000)-1)) -> -141.45194 | Q79: =IF(OR(K79="",N79=""),"",1000*((1+K79/1000)/(1+N79/1000)-1)) -> -141.45194 | R79: =IF(OR(L79="",N79=""),"",1000*((1+L79/1000)/(1+N79/1000)-1)) -> -129.69101 | S79: =IF(OR(J79="",M79=""),"",1000*((1+J79/1000)/(1+M79/1000)-1)) -> -169.94005 | T79: =IF(OR(K79="",M79=""),"",1000*((1+K79/1000)/(1+M79/1000)-1)) -> -169.94005 | U79: =IF(OR(L79="",M79=""),"",1000*((1+L79/1000)/(1+M79/1000)-1)) -> -158.56936 | V79: =IF(J79="","",1000*((1+J79/1000)/(1+O79/1000)-1)) -> -148.46235 | W79: =IF(K79="","",1000*((1+K79/1000)/(1+O79/1000)-1)) -> -148.46235 | X79: =IF(L79="","",1000*((1+L79/1000)/(1+O79/1000)-1)) -> -136.79745 | Y79: =IF(OR(J79="",K79=""),"",K79-J79) -> 0 | Z79: =IF(OR(K79="",L79=""),"",L79-K79) -> 11 | AA79: 10.1371/journal.pone.0112610 | AB79: https://journals.plos.org/plosone/article?id=10.1371/journal.pone.0112610 | AC79: https://doi.org/10.1371/journal.pone.0112610.s008
A80: Gao2014 | B80: sp79 | C80: Monoc | D80: Convallaria majalis | E80: F/H | F80: -148 | G80: -157 | H80: -166 | I80: -163 | J80: -175 | K80: -172 | M80: -16.8 | N80: -44.8 | O80: -57 | P80: =IF(OR(J80="",N80=""),"",1000*((1+J80/1000)/(1+N80/1000)-1)) -> -136.30653 | Q80: =IF(OR(K80="",N80=""),"",1000*((1+K80/1000)/(1+N80/1000)-1)) -> -133.16583 | R80: =IF(OR(L80="",N80=""),"",1000*((1+L80/1000)/(1+N80/1000)-1)) | S80: =IF(OR(J80="",M80=""),"",1000*((1+J80/1000)/(1+M80/1000)-1)) -> -160.90317 | T80: =IF(OR(K80="",M80=""),"",1000*((1+K80/1000)/(1+M80/1000)-1)) -> -157.85191 | U80: =IF(OR(L80="",M80=""),"",1000*((1+L80/1000)/(1+M80/1000)-1)) | V80: =IF(J80="","",1000*((1+J80/1000)/(1+O80/1000)-1)) -> -125.13256 | W80: =IF(K80="","",1000*((1+K80/1000)/(1+O80/1000)-1)) -> -121.95122 | X80: =IF(L80="","",1000*((1+L80/1000)/(1+O80/1000)-1)) | Y80: =IF(OR(J80="",K80=""),"",K80-J80) -> 3 | Z80: =IF(OR(K80="",L80=""),"",L80-K80) | AA80: 10.1371/journal.pone.0112610 | AB80: https://journals.plos.org/plosone/article?id=10.1371/journal.pone.0112610 | AC80: https://doi.org/10.1371/journal.pone.0112610.s008
A81: Gao2014 | B81: sp80 | C81: Monoc | D81: Lilium 'Pink Twinkle' asiatic hybrid lilly | E81: F/H | F81: -188 | G81: -202 | H81: -207 | I81: -203 | J81: -119 | K81: -165 | M81: -33.8 | N81: -53.3 | O81: -57 | P81: =IF(OR(J81="",N81=""),"",1000*((1+J81/1000)/(1+N81/1000)-1)) -> -69.398965 | Q81: =IF(OR(K81="",N81=""),"",1000*((1+K81/1000)/(1+N81/1000)-1)) -> -117.9888 | R81: =IF(OR(L81="",N81=""),"",1000*((1+L81/1000)/(1+N81/1000)-1)) | S81: =IF(OR(J81="",M81=""),"",1000*((1+J81/1000)/(1+M81/1000)-1)) -> -88.180501 | T81: =IF(OR(K81="",M81=""),"",1000*((1+K81/1000)/(1+M81/1000)-1)) -> -135.78969 | U81: =IF(OR(L81="",M81=""),"",1000*((1+L81/1000)/(1+M81/1000)-1)) | V81: =IF(J81="","",1000*((1+J81/1000)/(1+O81/1000)-1)) -> -65.747614 | W81: =IF(K81="","",1000*((1+K81/1000)/(1+O81/1000)-1)) -> -114.5281 | X81: =IF(L81="","",1000*((1+L81/1000)/(1+O81/1000)-1)) | Y81: =IF(OR(J81="",K81=""),"",K81-J81) -> -46 | Z81: =IF(OR(K81="",L81=""),"",L81-K81) | AA81: 10.1371/journal.pone.0112610 | AB81: https://journals.plos.org/plosone/article?id=10.1371/journal.pone.0112610 | AC81: https://doi.org/10.1371/journal.pone.0112610.s008
A82: Gao2014 | B82: sp81 | C82: Monoc | D82: Allium christophii | E82: F/H | F82: -203 | G82: -200 | H82: -218 | I82: -206 | J82: -154 | K82: -194 | L82: -230 | M82: -19.6 | N82: -57.2 | O82: -57 | P82: =IF(OR(J82="",N82=""),"",1000*((1+J82/1000)/(1+N82/1000)-1)) -> -102.67289 | Q82: =IF(OR(K82="",N82=""),"",1000*((1+K82/1000)/(1+N82/1000)-1)) -> -145.0997 | R82: =IF(OR(L82="",N82=""),"",1000*((1+L82/1000)/(1+N82/1000)-1)) -> -183.28384 | S82: =IF(OR(J82="",M82=""),"",1000*((1+J82/1000)/(1+M82/1000)-1)) -> -137.0869 | T82: =IF(OR(K82="",M82=""),"",1000*((1+K82/1000)/(1+M82/1000)-1)) -> -177.88658 | U82: =IF(OR(L82="",M82=""),"",1000*((1+L82/1000)/(1+M82/1000)-1)) -> -214.60628 | V82: =IF(J82="","",1000*((1+J82/1000)/(1+O82/1000)-1)) -> -102.8632 | W82: =IF(K82="","",1000*((1+K82/1000)/(1+O82/1000)-1)) -> -145.28102 | X82: =IF(L82="","",1000*((1+L82/1000)/(1+O82/1000)-1)) -> -183.45705 | Y82: =IF(OR(J82="",K82=""),"",K82-J82) -> -40 | Z82: =IF(OR(K82="",L82=""),"",L82-K82) -> -36 | AA82: 10.1371/journal.pone.0112610 | AB82: https://journals.plos.org/plosone/article?id=10.1371/journal.pone.0112610 | AC82: https://doi.org/10.1371/journal.pone.0112610.s008
A83: Gao2014 | B83: sp82 | C83: Monoc | D83: Polygonatum odoratum var. pluriflorum 'Variegatum' | E83: F/H | F83: -184 | G83: -186 | H83: -178 | I83: -172 | J83: -170 | K83: -169 | L83: -156 | M83: -46.2 | N83: -53.1 | O83: -57 | P83: =IF(OR(J83="",N83=""),"",1000*((1+J83/1000)/(1+N83/1000)-1)) -> -123.45549 | Q83: =IF(OR(K83="",N83=""),"",1000*((1+K83/1000)/(1+N83/1000)-1)) -> -122.39941 | R83: =IF(OR(L83="",N83=""),"",1000*((1+L83/1000)/(1+N83/1000)-1)) -> -108.6704 | S83: =IF(OR(J83="",M83=""),"",1000*((1+J83/1000)/(1+M83/1000)-1)) -> -129.7966 | T83: =IF(OR(K83="",M83=""),"",1000*((1+K83/1000)/(1+M83/1000)-1)) -> -128.74817 | U83: =IF(OR(L83="",M83=""),"",1000*((1+L83/1000)/(1+M83/1000)-1)) -> -115.11847 | V83: =IF(J83="","",1000*((1+J83/1000)/(1+O83/1000)-1)) -> -119.83033 | W83: =IF(K83="","",1000*((1+K83/1000)/(1+O83/1000)-1)) -> -118.76988 | X83: =IF(L83="","",1000*((1+L83/1000)/(1+O83/1000)-1)) -> -104.98409 | Y83: =IF(OR(J83="",K83=""),"",K83-J83) -> 1 | Z83: =IF(OR(K83="",L83=""),"",L83-K83) -> 13 | AA83: 10.1371/journal.pone.0112610 | AB83: https://journals.plos.org/plosone/article?id=10.1371/journal.pone.0112610 | AC83: https://doi.org/10.1371/journal.pone.0112610.s008
A84: Gao2014 | B84: sp83 | C84: Monoc | D84: Chamaedorea pochutlensis | E84: Tree | F84: -197 | G84: -196 | H84: -204 | I84: -197 | J84: -190 | K84: -198 | L84: -197 | M84: -13.8 | N84: -55.2 | O84: -57 | P84: =IF(OR(J84="",N84=""),"",1000*((1+J84/1000)/(1+N84/1000)-1)) -> -142.6757 | Q84: =IF(OR(K84="",N84=""),"",1000*((1+K84/1000)/(1+N84/1000)-1)) -> -151.1431 | R84: =IF(OR(L84="",N84=""),"",1000*((1+L84/1000)/(1+N84/1000)-1)) -> -150.08467 | S84: =IF(OR(J84="",M84=""),"",1000*((1+J84/1000)/(1+M84/1000)-1)) -> -178.66559 | T84: =IF(OR(K84="",M84=""),"",1000*((1+K84/1000)/(1+M84/1000)-1)) -> -186.77753 | U84: =IF(OR(L84="",M84=""),"",1000*((1+L84/1000)/(1+M84/1000)-1)) -> -185.76354 | V84: =IF(J84="","",1000*((1+J84/1000)/(1+O84/1000)-1)) -> -141.03924 | W84: =IF(K84="","",1000*((1+K84/1000)/(1+O84/1000)-1)) -> -149.5228 | X84: =IF(L84="","",1000*((1+L84/1000)/(1+O84/1000)-1)) -> -148.46235 | Y84: =IF(OR(J84="",K84=""),"",K84-J84) -> -8 | Z84: =IF(OR(K84="",L84=""),"",L84-K84) -> 1 | AA84: 10.1371/journal.pone.0112610 | AB84: https://journals.plos.org/plosone/article?id=10.1371/journal.pone.0112610 | AC84: https://doi.org/10.1371/journal.pone.0112610.s008
A85: Gao2014 | B85: sp84 | C85: Monoc | D85: Rhapis humilis | E85: Tree | F85: -175 | G85: -188 | H85: -193 | I85: -195 | K85: -159 | L85: -195 | M85: -12.8 | N85: -48.5 | O85: -57 | P85: =IF(OR(J85="",N85=""),"",1000*((1+J85/1000)/(1+N85/1000)-1)) | Q85: =IF(OR(K85="",N85=""),"",1000*((1+K85/1000)/(1+N85/1000)-1)) -> -116.13242 | R85: =IF(OR(L85="",N85=""),"",1000*((1+L85/1000)/(1+N85/1000)-1)) -> -153.96742 | S85: =IF(OR(J85="",M85=""),"",1000*((1+J85/1000)/(1+M85/1000)-1)) | T85: =IF(OR(K85="",M85=""),"",1000*((1+K85/1000)/(1+M85/1000)-1)) -> -148.09562 | U85: =IF(OR(L85="",M85=""),"",1000*((1+L85/1000)/(1+M85/1000)-1)) -> -184.5624 | V85: =IF(J85="","",1000*((1+J85/1000)/(1+O85/1000)-1)) | W85: =IF(K85="","",1000*((1+K85/1000)/(1+O85/1000)-1)) -> -108.16543 | X85: =IF(L85="","",1000*((1+L85/1000)/(1+O85/1000)-1)) -> -146.34146 | Y85: =IF(OR(J85="",K85=""),"",K85-J85) | Z85: =IF(OR(K85="",L85=""),"",L85-K85) -> -36 | AA85: 10.1371/journal.pone.0112610 | AB85: https://journals.plos.org/plosone/article?id=10.1371/journal.pone.0112610 | AC85: https://doi.org/10.1371/journal.pone.0112610.s008
A86: Gao2014 | B86: sp85 | C86: Monoc | D86: Attalea oleveira | E86: Tree | F86: -211 | G86: -200 | H86: -208 | I86: -198 | J86: -148 | K86: -153 | L86: -134 | M86: -19 | N86: -51.5 | O86: -57 | P86: =IF(OR(J86="",N86=""),"",1000*((1+J86/1000)/(1+N86/1000)-1)) -> -101.73959 | Q86: =IF(OR(K86="",N86=""),"",1000*((1+K86/1000)/(1+N86/1000)-1)) -> -107.01107 | R86: =IF(OR(L86="",N86=""),"",1000*((1+L86/1000)/(1+N86/1000)-1)) -> -86.979441 | S86: =IF(OR(J86="",M86=""),"",1000*((1+J86/1000)/(1+M86/1000)-1)) -> -131.49847 | T86: =IF(OR(K86="",M86=""),"",1000*((1+K86/1000)/(1+M86/1000)-1)) -> -136.59531 | U86: =IF(OR(L86="",M86=""),"",1000*((1+L86/1000)/(1+M86/1000)-1)) -> -117.22732 | V86: =IF(J86="","",1000*((1+J86/1000)/(1+O86/1000)-1)) -> -96.50053 | W86: =IF(K86="","",1000*((1+K86/1000)/(1+O86/1000)-1)) -> -101.80276 | X86: =IF(L86="","",1000*((1+L86/1000)/(1+O86/1000)-1)) -> -81.654295 | Y86: =IF(OR(J86="",K86=""),"",K86-J86) -> -5 | Z86: =IF(OR(K86="",L86=""),"",L86-K86) -> 19 | AA86: 10.1371/journal.pone.0112610 | AB86: https://journals.plos.org/plosone/article?id=10.1371/journal.pone.0112610 | AC86: https://doi.org/10.1371/journal.pone.0112610.s008
A87: Gao2014 | B87: sp86 | C87: Monoc | D87: Mauritiella armata | E87: Tree | F87: -164 | G87: -160 | H87: -172 | I87: -137 | K87: -139 | L87: -185 | M87: -13.4 | O87: -57 | P87: =IF(OR(J87="",N87=""),"",1000*((1+J87/1000)/(1+N87/1000)-1)) | Q87: =IF(OR(K87="",N87=""),"",1000*((1+K87/1000)/(1+N87/1000)-1)) | R87: =IF(OR(L87="",N87=""),"",1000*((1+L87/1000)/(1+N87/1000)-1)) | S87: =IF(OR(J87="",M87=""),"",1000*((1+J87/1000)/(1+M87/1000)-1)) | T87: =IF(OR(K87="",M87=""),"",1000*((1+K87/1000)/(1+M87/1000)-1)) -> -127.3059 | U87: =IF(OR(L87="",M87=""),"",1000*((1+L87/1000)/(1+M87/1000)-1)) -> -173.93067 | V87: =IF(J87="","",1000*((1+J87/1000)/(1+O87/1000)-1)) | W87: =IF(K87="","",1000*((1+K87/1000)/(1+O87/1000)-1)) -> -86.956522 | X87: =IF(L87="","",1000*((1+L87/1000)/(1+O87/1000)-1)) -> -135.73701 | Y87: =IF(OR(J87="",K87=""),"",K87-J87) | Z87: =IF(OR(K87="",L87=""),"",L87-K87) -> -46 | AA87: 10.1371/journal.pone.0112610 | AB87: https://journals.plos.org/plosone/article?id=10.1371/journal.pone.0112610 | AC87: https://doi.org/10.1371/journal.pone.0112610.s008
A88: Gao2014 | B88: sp87 | C88: Monoc | D88: Sabal etonia | E88: Shrub | F88: -191 | G88: -196 | H88: -249 | I88: -183 | J88: -162 | K88: -163 | M88: -8.3 | O88: -57 | P88: =IF(OR(J88="",N88=""),"",1000*((1+J88/1000)/(1+N88/1000)-1)) | Q88: =IF(OR(K88="",N88=""),"",1000*((1+K88/1000)/(1+N88/1000)-1)) | R88: =IF(OR(L88="",N88=""),"",1000*((1+L88/1000)/(1+N88/1000)-1)) | S88: =IF(OR(J88="",M88=""),"",1000*((1+J88/1000)/(1+M88/1000)-1)) -> -154.98639 | T88: =IF(OR(K88="",M88=""),"",1000*((1+K88/1000)/(1+M88/1000)-1)) -> -155.99476 | U88: =IF(OR(L88="",M88=""),"",1000*((1+L88/1000)/(1+M88/1000)-1)) | V88: =IF(J88="","",1000*((1+J88/1000)/(1+O88/1000)-1)) -> -111.34677 | W88: =IF(K88="","",1000*((1+K88/1000)/(1+O88/1000)-1)) -> -112.40721 | X88: =IF(L88="","",1000*((1+L88/1000)/(1+O88/1000)-1)) | Y88: =IF(OR(J88="",K88=""),"",K88-J88) -> -1 | Z88: =IF(OR(K88="",L88=""),"",L88-K88) | AA88: 10.1371/journal.pone.0112610 | AB88: https://journals.plos.org/plosone/article?id=10.1371/journal.pone.0112610 | AC88: https://doi.org/10.1371/journal.pone.0112610.s008
A89: Gao2014 | B89: sp88 | C89: BEP | D89: Phalaris arundinacea var. picta 'Picta' | E89: Gram | F89: -196 | G89: -198 | H89: -189 | I89: -189 | M89: -9.3 | N89: -31.3 | O89: -57 | P89: =IF(OR(J89="",N89=""),"",1000*((1+J89/1000)/(1+N89/1000)-1)) | Q89: =IF(OR(K89="",N89=""),"",1000*((1+K89/1000)/(1+N89/1000)-1)) | R89: =IF(OR(L89="",N89=""),"",1000*((1+L89/1000)/(1+N89/1000)-1)) | S89: =IF(OR(J89="",M89=""),"",1000*((1+J89/1000)/(1+M89/1000)-1)) | T89: =IF(OR(K89="",M89=""),"",1000*((1+K89/1000)/(1+M89/1000)-1)) | U89: =IF(OR(L89="",M89=""),"",1000*((1+L89/1000)/(1+M89/1000)-1)) | V89: =IF(J89="","",1000*((1+J89/1000)/(1+O89/1000)-1)) | W89: =IF(K89="","",1000*((1+K89/1000)/(1+O89/1000)-1)) | X89: =IF(L89="","",1000*((1+L89/1000)/(1+O89/1000)-1)) | Y89: =IF(OR(J89="",K89=""),"",K89-J89) | Z89: =IF(OR(K89="",L89=""),"",L89-K89) | AA89: 10.1371/journal.pone.0112610 | AB89: https://journals.plos.org/plosone/article?id=10.1371/journal.pone.0112610 | AC89: https://doi.org/10.1371/journal.pone.0112610.s008
A90: Gao2014 | B90: sp89 | C90: Poal | D90: Miscanthus sinensis 'Gracillimus' | E90: Gram | F90: -177 | G90: -150 | H90: -181 | I90: -179 | J90: -167 | K90: -169 | L90: -164 | M90: -13.5 | N90: -37.2 | O90: -57 | P90: =IF(OR(J90="",N90=""),"",1000*((1+J90/1000)/(1+N90/1000)-1)) -> -134.81512 | Q90: =IF(OR(K90="",N90=""),"",1000*((1+K90/1000)/(1+N90/1000)-1)) -> -136.8924 | R90: =IF(OR(L90="",N90=""),"",1000*((1+L90/1000)/(1+N90/1000)-1)) -> -131.69921 | S90: =IF(OR(J90="",M90=""),"",1000*((1+J90/1000)/(1+M90/1000)-1)) -> -155.60061 | T90: =IF(OR(K90="",M90=""),"",1000*((1+K90/1000)/(1+M90/1000)-1)) -> -157.62798 | U90: =IF(OR(L90="",M90=""),"",1000*((1+L90/1000)/(1+M90/1000)-1)) -> -152.55955 | V90: =IF(J90="","",1000*((1+J90/1000)/(1+O90/1000)-1)) -> -116.64899 | W90: =IF(K90="","",1000*((1+K90/1000)/(1+O90/1000)-1)) -> -118.76988 | X90: =IF(L90="","",1000*((1+L90/1000)/(1+O90/1000)-1)) -> -113.46766 | Y90: =IF(OR(J90="",K90=""),"",K90-J90) -> -2 | Z90: =IF(OR(K90="",L90=""),"",L90-K90) -> 5 | AA90: 10.1371/journal.pone.0112610 | AB90: https://journals.plos.org/plosone/article?id=10.1371/journal.pone.0112610 | AC90: https://doi.org/10.1371/journal.pone.0112610.s008
A91: Gao2014 | B91: sp90 | C91: BEP | D91: Stipa calamagrostis | E91: Gram | F91: -209 | G91: -201 | H91: -205 | I91: -213 | J91: -192 | K91: -227 | L91: -232 | M91: -11.5 | N91: -37.2 | O91: -57 | P91: =IF(OR(J91="",N91=""),"",1000*((1+J91/1000)/(1+N91/1000)-1)) -> -160.78106 | Q91: =IF(OR(K91="",N91=""),"",1000*((1+K91/1000)/(1+N91/1000)-1)) -> -197.13336 | R91: =IF(OR(L91="",N91=""),"",1000*((1+L91/1000)/(1+N91/1000)-1)) -> -202.32655 | S91: =IF(OR(J91="",M91=""),"",1000*((1+J91/1000)/(1+M91/1000)-1)) -> -182.5999 | T91: =IF(OR(K91="",M91=""),"",1000*((1+K91/1000)/(1+M91/1000)-1)) -> -218.00708 | U91: =IF(OR(L91="",M91=""),"",1000*((1+L91/1000)/(1+M91/1000)-1)) -> -223.06525 | V91: =IF(J91="","",1000*((1+J91/1000)/(1+O91/1000)-1)) -> -143.16013 | W91: =IF(K91="","",1000*((1+K91/1000)/(1+O91/1000)-1)) -> -180.27572 | X91: =IF(L91="","",1000*((1+L91/1000)/(1+O91/1000)-1)) -> -185.57794 | Y91: =IF(OR(J91="",K91=""),"",K91-J91) -> -35 | Z91: =IF(OR(K91="",L91=""),"",L91-K91) -> -5 | AA91: 10.1371/journal.pone.0112610 | AB91: https://journals.plos.org/plosone/article?id=10.1371/journal.pone.0112610 | AC91: https://doi.org/10.1371/journal.pone.0112610.s008
A92: Gao2014 | B92: sp91 | C92: Poal | D92: Hakonechloa macra 'Aureola' | E92: Gram | F92: -196 | G92: -193 | H92: -210 | I92: -191 | J92: -146 | K92: -178 | L92: -195 | M92: -27.2 | N92: -29.8 | O92: -57 | P92: =IF(OR(J92="",N92=""),"",1000*((1+J92/1000)/(1+N92/1000)-1)) -> -119.76912 | Q92: =IF(OR(K92="",N92=""),"",1000*((1+K92/1000)/(1+N92/1000)-1)) -> -152.75201 | R92: =IF(OR(L92="",N92=""),"",1000*((1+L92/1000)/(1+N92/1000)-1)) -> -170.27417 | S92: =IF(OR(J92="",M92=""),"",1000*((1+J92/1000)/(1+M92/1000)-1)) -> -122.12171 | T92: =IF(OR(K92="",M92=""),"",1000*((1+K92/1000)/(1+M92/1000)-1)) -> -155.01645 | U92: =IF(OR(L92="",M92=""),"",1000*((1+L92/1000)/(1+M92/1000)-1)) -> -172.49178 | V92: =IF(J92="","",1000*((1+J92/1000)/(1+O92/1000)-1)) -> -94.379639 | W92: =IF(K92="","",1000*((1+K92/1000)/(1+O92/1000)-1)) -> -128.31389 | X92: =IF(L92="","",1000*((1+L92/1000)/(1+O92/1000)-1)) -> -146.34146 | Y92: =IF(OR(J92="",K92=""),"",K92-J92) -> -32 | Z92: =IF(OR(K92="",L92=""),"",L92-K92) -> -17 | AA92: 10.1371/journal.pone.0112610 | AB92: https://journals.plos.org/plosone/article?id=10.1371/journal.pone.0112610 | AC92: https://doi.org/10.1371/journal.pone.0112610.s008
A93: Gao2014 | B93: sp92 | C93: Poal | D93: Carex oshimensis | E93: Gram | F93: -208 | G93: -195 | H93: -191 | I93: -182 | J93: -152 | K93: -186 | L93: -185 | M93: -14.8 | N93: -43.8 | O93: -57 | P93: =IF(OR(J93="",N93=""),"",1000*((1+J93/1000)/(1+N93/1000)-1)) -> -113.15624 | Q93: =IF(OR(K93="",N93=""),"",1000*((1+K93/1000)/(1+N93/1000)-1)) -> -148.71366 | R93: =IF(OR(L93="",N93=""),"",1000*((1+L93/1000)/(1+N93/1000)-1)) -> -147.66785 | S93: =IF(OR(J93="",M93=""),"",1000*((1+J93/1000)/(1+M93/1000)-1)) -> -139.26106 | T93: =IF(OR(K93="",M93=""),"",1000*((1+K93/1000)/(1+M93/1000)-1)) -> -173.77182 | U93: =IF(OR(L93="",M93=""),"",1000*((1+L93/1000)/(1+M93/1000)-1)) -> -172.7568 | V93: =IF(J93="","",1000*((1+J93/1000)/(1+O93/1000)-1)) -> -100.74231 | W93: =IF(K93="","",1000*((1+K93/1000)/(1+O93/1000)-1)) -> -136.79745 | X93: =IF(L93="","",1000*((1+L93/1000)/(1+O93/1000)-1)) -> -135.73701 | Y93: =IF(OR(J93="",K93=""),"",K93-J93) -> -34 | Z93: =IF(OR(K93="",L93=""),"",L93-K93) -> 1 | AA93: 10.1371/journal.pone.0112610 | AB93: https://journals.plos.org/plosone/article?id=10.1371/journal.pone.0112610 | AC93: https://doi.org/10.1371/journal.pone.0112610.s008
A94: Gao2014 | B94: sp93 | C94: Poal | D94: Cymbopogon citratus | E94: Gram | F94: -180 | G94: -182 | H94: -178 | I94: -166 | J94: -175 | K94: -165 | L94: -161 | M94: -23.4 | N94: -53.1 | O94: -57 | P94: =IF(OR(J94="",N94=""),"",1000*((1+J94/1000)/(1+N94/1000)-1)) -> -128.73587 | Q94: =IF(OR(K94="",N94=""),"",1000*((1+K94/1000)/(1+N94/1000)-1)) -> -118.1751 | R94: =IF(OR(L94="",N94=""),"",1000*((1+L94/1000)/(1+N94/1000)-1)) -> -113.95079 | S94: =IF(OR(J94="",M94=""),"",1000*((1+J94/1000)/(1+M94/1000)-1)) -> -155.23244 | T94: =IF(OR(K94="",M94=""),"",1000*((1+K94/1000)/(1+M94/1000)-1)) -> -144.99283 | U94: =IF(OR(L94="",M94=""),"",1000*((1+L94/1000)/(1+M94/1000)-1)) -> -140.89699 | V94: =IF(J94="","",1000*((1+J94/1000)/(1+O94/1000)-1)) -> -125.13256 | W94: =IF(K94="","",1000*((1+K94/1000)/(1+O94/1000)-1)) -> -114.5281 | X94: =IF(L94="","",1000*((1+L94/1000)/(1+O94/1000)-1)) -> -110.28632 | Y94: =IF(OR(J94="",K94=""),"",K94-J94) -> 10 | Z94: =IF(OR(K94="",L94=""),"",L94-K94) -> 4 | AA94: 10.1371/journal.pone.0112610 | AB94: https://journals.plos.org/plosone/article?id=10.1371/journal.pone.0112610 | AC94: https://doi.org/10.1371/journal.pone.0112610.s008
A95: Gao2014 | B95: sp94 | C95: BEP | D95: Lithachne pauciflora | E95: Gram | F95: -198 | G95: -204 | H95: -202 | I95: -205 | J95: -149 | K95: -170 | L95: -182 | M95: -15.9 | N95: -27.7 | O95: -57 | P95: =IF(OR(J95="",N95=""),"",1000*((1+J95/1000)/(1+N95/1000)-1)) -> -124.75573 | Q95: =IF(OR(K95="",N95=""),"",1000*((1+K95/1000)/(1+N95/1000)-1)) -> -146.35401 | R95: =IF(OR(L95="",N95=""),"",1000*((1+L95/1000)/(1+N95/1000)-1)) -> -158.69588 | S95: =IF(OR(J95="",M95=""),"",1000*((1+J95/1000)/(1+M95/1000)-1)) -> -135.25048 | T95: =IF(OR(K95="",M95=""),"",1000*((1+K95/1000)/(1+M95/1000)-1)) -> -156.58978 | U95: =IF(OR(L95="",M95=""),"",1000*((1+L95/1000)/(1+M95/1000)-1)) -> -168.78366 | V95: =IF(J95="","",1000*((1+J95/1000)/(1+O95/1000)-1)) -> -97.560976 | W95: =IF(K95="","",1000*((1+K95/1000)/(1+O95/1000)-1)) -> -119.83033 | X95: =IF(L95="","",1000*((1+L95/1000)/(1+O95/1000)-1)) -> -132.55567 | Y95: =IF(OR(J95="",K95=""),"",K95-J95) -> -21 | Z95: =IF(OR(K95="",L95=""),"",L95-K95) -> -12 | AA95: 10.1371/journal.pone.0112610 | AB95: https://journals.plos.org/plosone/article?id=10.1371/journal.pone.0112610 | AC95: https://doi.org/10.1371/journal.pone.0112610.s008
A96: Gao2014 | B96: sp95 | C96: BEP | D96: Chusquea liebmannii | E96: Shrub | F96: -223 | G96: -221 | H96: -217 | I96: -207 | J96: -199 | K96: -207 | L96: -192 | M96: -24.9 | N96: -33.2 | O96: -57 | P96: =IF(OR(J96="",N96=""),"",1000*((1+J96/1000)/(1+N96/1000)-1)) -> -171.49359 | Q96: =IF(OR(K96="",N96=""),"",1000*((1+K96/1000)/(1+N96/1000)-1)) -> -179.76831 | R96: =IF(OR(L96="",N96=""),"",1000*((1+L96/1000)/(1+N96/1000)-1)) -> -164.25321 | S96: =IF(OR(J96="",M96=""),"",1000*((1+J96/1000)/(1+M96/1000)-1)) -> -178.54579 | T96: =IF(OR(K96="",M96=""),"",1000*((1+K96/1000)/(1+M96/1000)-1)) -> -186.75008 | U96: =IF(OR(L96="",M96=""),"",1000*((1+L96/1000)/(1+M96/1000)-1)) -> -171.36704 | V96: =IF(J96="","",1000*((1+J96/1000)/(1+O96/1000)-1)) -> -150.58324 | W96: =IF(K96="","",1000*((1+K96/1000)/(1+O96/1000)-1)) -> -159.06681 | X96: =IF(L96="","",1000*((1+L96/1000)/(1+O96/1000)-1)) -> -143.16013 | Y96: =IF(OR(J96="",K96=""),"",K96-J96) -> -8 | Z96: =IF(OR(K96="",L96=""),"",L96-K96) -> 15 | AA96: 10.1371/journal.pone.0112610 | AB96: https://journals.plos.org/plosone/article?id=10.1371/journal.pone.0112610 | AC96: https://doi.org/10.1371/journal.pone.0112610.s008
A97: Gao2014 | B97: sp96 | C97: BEP | D97: Phyllostachys nigra | E97: Shrub | F97: -187 | G97: -205 | H97: -201 | I97: -189 | J97: -210 | K97: -211 | L97: -189 | M97: -19.4 | N97: -47.5 | O97: -57 | P97: =IF(OR(J97="",N97=""),"",1000*((1+J97/1000)/(1+N97/1000)-1)) -> -170.60367 | Q97: =IF(OR(K97="",N97=""),"",1000*((1+K97/1000)/(1+N97/1000)-1)) -> -171.65354 | R97: =IF(OR(L97="",N97=""),"",1000*((1+L97/1000)/(1+N97/1000)-1)) -> -148.55643 | S97: =IF(OR(J97="",M97=""),"",1000*((1+J97/1000)/(1+M97/1000)-1)) -> -194.37079 | T97: =IF(OR(K97="",M97=""),"",1000*((1+K97/1000)/(1+M97/1000)-1)) -> -195.39058 | U97: =IF(OR(L97="",M97=""),"",1000*((1+L97/1000)/(1+M97/1000)-1)) -> -172.95533 | V97: =IF(J97="","",1000*((1+J97/1000)/(1+O97/1000)-1)) -> -162.24814 | W97: =IF(K97="","",1000*((1+K97/1000)/(1+O97/1000)-1)) -> -163.30859 | X97: =IF(L97="","",1000*((1+L97/1000)/(1+O97/1000)-1)) -> -139.97879 | Y97: =IF(OR(J97="",K97=""),"",K97-J97) -> -1 | Z97: =IF(OR(K97="",L97=""),"",L97-K97) -> 22 | AA97: 10.1371/journal.pone.0112610 | AB97: https://journals.plos.org/plosone/article?id=10.1371/journal.pone.0112610 | AC97: https://doi.org/10.1371/journal.pone.0112610.s008
A98: Gao2014 | B98: sp97 | C98: BEP | D98: Indocalamus tessellatus | E98: Shrub | F98: -184 | G98: -197 | H98: -226 | I98: -224 | J98: -208 | K98: -204 | M98: -13.7 | N98: -52.5 | O98: -57 | P98: =IF(OR(J98="",N98=""),"",1000*((1+J98/1000)/(1+N98/1000)-1)) -> -164.11609 | Q98: =IF(OR(K98="",N98=""),"",1000*((1+K98/1000)/(1+N98/1000)-1)) -> -159.89446 | R98: =IF(OR(L98="",N98=""),"",1000*((1+L98/1000)/(1+N98/1000)-1)) | S98: =IF(OR(J98="",M98=""),"",1000*((1+J98/1000)/(1+M98/1000)-1)) -> -196.99888 | T98: =IF(OR(K98="",M98=""),"",1000*((1+K98/1000)/(1+M98/1000)-1)) -> -192.94332 | U98: =IF(OR(L98="",M98=""),"",1000*((1+L98/1000)/(1+M98/1000)-1)) | V98: =IF(J98="","",1000*((1+J98/1000)/(1+O98/1000)-1)) -> -160.12725 | W98: =IF(K98="","",1000*((1+K98/1000)/(1+O98/1000)-1)) -> -155.88547 | X98: =IF(L98="","",1000*((1+L98/1000)/(1+O98/1000)-1)) | Y98: =IF(OR(J98="",K98=""),"",K98-J98) -> 4 | Z98: =IF(OR(K98="",L98=""),"",L98-K98) | AA98: 10.1371/journal.pone.0112610 | AB98: https://journals.plos.org/plosone/article?id=10.1371/journal.pone.0112610 | AC98: https://doi.org/10.1371/journal.pone.0112610.s008
A99: Gao2014 | B99: sp98 | C99: BEP | D99: Phyllostachys aureosulcata | E99: Shrub | F99: -209 | G99: -233 | H99: -223 | J99: -190 | K99: -208 | L99: -207 | M99: -21.4 | N99: -48.9 | O99: -57 | P99: =IF(OR(J99="",N99=""),"",1000*((1+J99/1000)/(1+N99/1000)-1)) -> -148.35454 | Q99: =IF(OR(K99="",N99=""),"",1000*((1+K99/1000)/(1+N99/1000)-1)) -> -167.27999 | R99: =IF(OR(L99="",N99=""),"",1000*((1+L99/1000)/(1+N99/1000)-1)) -> -166.22858 | S99: =IF(OR(J99="",M99=""),"",1000*((1+J99/1000)/(1+M99/1000)-1)) -> -172.28694 | T99: =IF(OR(K99="",M99=""),"",1000*((1+K99/1000)/(1+M99/1000)-1)) -> -190.68056 | U99: =IF(OR(L99="",M99=""),"",1000*((1+L99/1000)/(1+M99/1000)-1)) -> -189.6587 | V99: =IF(J99="","",1000*((1+J99/1000)/(1+O99/1000)-1)) -> -141.03924 | W99: =IF(K99="","",1000*((1+K99/1000)/(1+O99/1000)-1)) -> -160.12725 | X99: =IF(L99="","",1000*((1+L99/1000)/(1+O99/1000)-1)) -> -159.06681 | Y99: =IF(OR(J99="",K99=""),"",K99-J99) -> -18 | Z99: =IF(OR(K99="",L99=""),"",L99-K99) -> 1 | AA99: 10.1371/journal.pone.0112610 | AB99: https://journals.plos.org/plosone/article?id=10.1371/journal.pone.0112610 | AC99: https://doi.org/10.1371/journal.pone.0112610.s008
A100: Gao2014 | B100: sp99 | C100: Poal | D100: Alcantarea imperialis | E100: F/H | F100: -194 | G100: -198 | H100: -203 | I100: -206 | J100: -176 | K100: -188 | L100: -149 | M100: -24.5 | N100: -48.9 | O100: -57 | P100: =IF(OR(J100="",N100=""),"",1000*((1+J100/1000)/(1+N100/1000)-1)) -> -133.63474 | Q100: =IF(OR(K100="",N100=""),"",1000*((1+K100/1000)/(1+N100/1000)-1)) -> -146.25171 | R100: =IF(OR(L100="",N100=""),"",1000*((1+L100/1000)/(1+N100/1000)-1)) -> -105.24656 | S100: =IF(OR(J100="",M100=""),"",1000*((1+J100/1000)/(1+M100/1000)-1)) -> -155.30497 | T100: =IF(OR(K100="",M100=""),"",1000*((1+K100/1000)/(1+M100/1000)-1)) -> -167.60636 | U100: =IF(OR(L100="",M100=""),"",1000*((1+L100/1000)/(1+M100/1000)-1)) -> -127.62686 | V100: =IF(J100="","",1000*((1+J100/1000)/(1+O100/1000)-1)) -> -126.193 | W100: =IF(K100="","",1000*((1+K100/1000)/(1+O100/1000)-1)) -> -138.91835 | X100: =IF(L100="","",1000*((1+L100/1000)/(1+O100/1000)-1)) -> -97.560976 | Y100: =IF(OR(J100="",K100=""),"",K100-J100) -> -12 | Z100: =IF(OR(K100="",L100=""),"",L100-K100) -> 39 | AA100: 10.1371/journal.pone.0112610 | AB100: https://journals.plos.org/plosone/article?id=10.1371/journal.pone.0112610 | AC100: https://doi.org/10.1371/journal.pone.0112610.s008
...

Sheet Tipple2015_Treatments
A1: Study_ID | B1: Species | C1: Primary_Wax_Homologue | D1: RH_Treatment | E1: TreatmentWater_dD_permil | F1: ModelledLeafWater_dD_permil | G1: Wax_dD_permil | H1: Wax_SD_permil | I1: Eps_app_reported_permil | J1: Eps_app_SD_permil | K1: Eps_bio_reported_permil | L1: Eps_bio_SD_permil | M1: n | N1: Eps_app_exact_recalc_permil | O1: Eps_bio_exact_recalc_permil | P1: Reported_minus_exact_app_permil | Q1: Reported_minus_exact_bio_permil | R1: DOI | S1: Source_URL
A2: Tipple2015 | B2: Populus fremontii | C2: C29 | D2: High RH | E2: -121 | F2: -59 | G2: -221 | H2: 2 | I2: -114 | J2: 2 | K2: -172 | L2: 2 | M2: 5 | N2: =1000*((1+G2/1000)/(1+E2/1000)-1) -> -113.76564 | O2: =1000*((1+G2/1000)/(1+F2/1000)-1) -> -172.15728 | P2: =I2-N2 -> -0.23435722 | Q2: =K2-O2 -> 0.15727949 | R2: 10.1111/pce.12457 | S2: https://onlinelibrary.wiley.com/doi/10.1111/pce.12457
A3: Tipple2015 | B3: Populus fremontii | C3: C29 | D3: High RH | E3: -60 | F3: -34 | G3: -192 | H3: 2 | I3: -140 | J3: 3 | K3: -163 | L3: 3 | M3: 4 | N3: =1000*((1+G3/1000)/(1+E3/1000)-1) -> -140.42553 | O3: =1000*((1+G3/1000)/(1+F3/1000)-1) -> -163.56108 | P3: =I3-N3 -> 0.42553191 | Q3: =K3-O3 -> 0.5610766 | R3: 10.1111/pce.12457 | S3: https://onlinelibrary.wiley.com/doi/10.1111/pce.12457
A4: Tipple2015 | B4: Populus fremontii | C4: C29 | D4: High RH | E4: -5 | F4: -11 | G4: -166 | H4: 3 | I4: -162 | J4: 3 | K4: -156 | L4: 3 | M4: 5 | N4: =1000*((1+G4/1000)/(1+E4/1000)-1) -> -161.80905 | O4: =1000*((1+G4/1000)/(1+F4/1000)-1) -> -156.72396 | P4: =I4-N4 -> -0.19095477 | Q4: =K4-O4 -> 0.7239636 | R4: 10.1111/pce.12457 | S4: https://onlinelibrary.wiley.com/doi/10.1111/pce.12457
A5: Tipple2015 | B5: Populus fremontii | C5: C29 | D5: High RH | E5: 60 | F5: 16 | G5: -148 | H5: 1 | I5: -196 | J5: 1 | K5: -161 | L5: 1 | M5: 4 | N5: =1000*((1+G5/1000)/(1+E5/1000)-1) -> -196.22642 | O5: =1000*((1+G5/1000)/(1+F5/1000)-1) -> -161.41732 | P5: =I5-N5 -> 0.22641509 | Q5: =K5-O5 -> 0.41732283 | R5: 10.1111/pce.12457 | S5: https://onlinelibrary.wiley.com/doi/10.1111/pce.12457
A6: Tipple2015 | B6: Populus fremontii | C6: C29 | D6: High RH | E6: 114 | F6: 38 | G6: -118 | H6: 3 | I6: -208 | J6: 2 | K6: -150 | L6: 3 | M6: 4 | N6: =1000*((1+G6/1000)/(1+E6/1000)-1) -> -208.25853 | O6: =1000*((1+G6/1000)/(1+F6/1000)-1) -> -150.28902 | P6: =I6-N6 -> 0.25852783 | Q6: =K6-O6 -> 0.28901734 | R6: 10.1111/pce.12457 | S6: https://onlinelibrary.wiley.com/doi/10.1111/pce.12457
A7: Tipple2015 | B7: Populus fremontii | C7: C29 | D7: High RH | E7: 172 | F7: 62 | G7: -91 | H7: 2 | I7: -224 | J7: 2 | K7: -144 | L7: 2 | M7: 5 | N7: =1000*((1+G7/1000)/(1+E7/1000)-1) -> -224.40273 | O7: =1000*((1+G7/1000)/(1+F7/1000)-1) -> -144.0678 | P7: =I7-N7 -> 0.40273038 | Q7: =K7-O7 -> 0.06779661 | R7: 10.1111/pce.12457 | S7: https://onlinelibrary.wiley.com/doi/10.1111/pce.12457
A8: Tipple2015 | B8: Populus fremontii | C8: C29 | D8: Low RH | E8: -121 | F8: -49 | G8: -212 | H8: 0 | I8: -104 | J8: 0 | K8: -171 | L8: 0 | M8: 5 | N8: =1000*((1+G8/1000)/(1+E8/1000)-1) -> -103.52673 | O8: =1000*((1+G8/1000)/(1+F8/1000)-1) -> -171.39853 | P8: =I8-N8 -> -0.47326507 | Q8: =K8-O8 -> 0.39852787 | R8: 10.1111/pce.12457 | S8: https://onlinelibrary.wiley.com/doi/10.1111/pce.12457
A9: Tipple2015 | B9: Populus fremontii | C9: C29 | D9: Low RH | E9: -60 | F9: -6 | G9: -171 | H9: 1 | I9: -118 | J9: 1 | K9: -166 | L9: 1 | M9: 4 | N9: =1000*((1+G9/1000)/(1+E9/1000)-1) -> -118.08511 | O9: =1000*((1+G9/1000)/(1+F9/1000)-1) -> -165.99598 | P9: =I9-N9 -> 0.085106383 | Q9: =K9-O9 -> -0.0040241449 | R9: 10.1111/pce.12457 | S9: https://onlinelibrary.wiley.com/doi/10.1111/pce.12457
A10: Tipple2015 | B10: Populus fremontii | C10: C29 | D10: Low RH | E10: -5 | F10: 34 | G10: -135 | H10: 2 | I10: -131 | J10: 2 | K10: -163 | L10: 2 | M10: 9 | N10: =1000*((1+G10/1000)/(1+E10/1000)-1) -> -130.65327 | O10: =1000*((1+G10/1000)/(1+F10/1000)-1) -> -163.44294 | P10: =I10-N10 -> -0.34673367 | Q10: =K10-O10 -> 0.44294004 | R10: 10.1111/pce.12457 | S10: https://onlinelibrary.wiley.com/doi/10.1111/pce.12457
A11: Tipple2015 | B11: Populus fremontii | C11: C29 | D11: Low RH | E11: 60 | F11: 80 | G11: -93 | H11: 7 | I11: -145 | J11: 6 | K11: -160 | L11: 6 | M11: 6 | N11: =1000*((1+G11/1000)/(1+E11/1000)-1) -> -144.33962 | O11: =1000*((1+G11/1000)/(1+F11/1000)-1) -> -160.18519 | P11: =I11-N11 -> -0.66037736 | Q11: =K11-O11 -> 0.18518519 | R11: 10.1111/pce.12457 | S11: https://onlinelibrary.wiley.com/doi/10.1111/pce.12457
A12: Tipple2015 | B12: Populus fremontii | C12: C29 | D12: Low RH | E12: 114 | F12: 119 | G12: -76 | H12: 5 | I12: -171 | J12: 5 | K12: -174 | L12: 5 | M12: 7 | N12: =1000*((1+G12/1000)/(1+E12/1000)-1) -> -170.55655 | O12: =1000*((1+G12/1000)/(1+F12/1000)-1) -> -174.26273 | P12: =I12-N12 -> -0.44344704 | Q12: =K12-O12 -> 0.26273458 | R12: 10.1111/pce.12457 | S12: https://onlinelibrary.wiley.com/doi/10.1111/pce.12457
A13: Tipple2015 | B13: Populus fremontii | C13: C29 | D13: Low RH | E13: 172 | F13: 160 | G13: -35 | H13: 5 | I13: -177 | J13: 4 | K13: -168 | L13: 4 | M13: 13 | N13: =1000*((1+G13/1000)/(1+E13/1000)-1) -> -176.62116 | O13: =1000*((1+G13/1000)/(1+F13/1000)-1) -> -168.10345 | P13: =I13-N13 -> -0.37883959 | Q13: =K13-O13 -> 0.10344828 | R13: 10.1111/pce.12457 | S13: https://onlinelibrary.wiley.com/doi/10.1111/pce.12457
... A25: Tipple2015 | B25: Betula occidentalis | C25: C31 | D25: Low RH | E25: 172 | F25: 160 | G25: -20 | H25: 6 | I25: -164 | J25: 5 | K25: -155 | L25: 5 | M25: 11 | N25: =1000*((1+G25/1000)/(1+E25/1000)-1) -> -163.82253 | O25: =1000*((1+G25/1000)/(1+F25/1000)-1) -> -155.17241 | P25: =I25-N25 -> -0.1774744 | Q25: =K25-O25 -> 0.17241379 | R25: 10.1111/pce.12457 | S25: https://onlinelibrary.wiley.com/doi/10.1111/pce.12457

Sheet Literature_Targets
A1: Study_ID | B1: Type | C1: Observation | D1: Value | E1: Uncertainty_or_Range | F1: n | G1: DOI | H1: Source_URL
A2: Tipple2015 | B2: εbio overall | C2: Populus fremontii leaf-water→C29 wax biosynthetic fractionation | D2: -164‰ | E2: ±10‰ | G2: 10.1111/pce.12457 | H2: https://onlinelibrary.wiley.com/doi/10.1111/pce.12457
A3: Tipple2015 | B3: εbio overall | C3: Betula occidentalis leaf-water→C31 wax biosynthetic fractionation | D3: -150‰ | E3: ±9‰ | G3: 10.1111/pce.12457 | H3: https://onlinelibrary.wiley.com/doi/10.1111/pce.12457
A4: Feakins2016 | B4: εwax/source | C4: C29 n-alkane fractionation relative to measured source/xylem water in humid tropical forest | D4: -129‰ | E4: ±2‰ s.e.m.; reported σ≈22‰ | F4: 136 | G4: 10.1016/j.gca.2016.03.018 | H4: https://doi.org/10.1016/j.gca.2016.03.018
A5: Kahmen2013_I | B5: Leaf-water transfer | C5: Dicot n-alkanes record approximately the full leaf-water evaporative D enrichment | D5: ~100% transfer | E5: qualitative/experimental | G5: 10.1016/j.gca.2012.09.003 | H5: https://doi.org/10.1016/j.gca.2012.09.003
A6: Kahmen2013_I | B6: Leaf-water transfer | C6: Monocot n-alkanes record only part of leaf-water evaporative D enrichment | D6: 18–68% transfer | E6: reported range | G6: 10.1016/j.gca.2012.09.003 | H6: https://doi.org/10.1016/j.gca.2012.09.003
A7: Sachse2010 | B7: Seasonality | C7: Leaf-wax n-alkanes changed ~20‰ across season while source/leaf water varied ~40‰ | D7: ~20‰ wax change | E7: ~40‰ water variation | G7: 10.1016/j.gca.2010.08.033 | H7: https://doi.org/10.1016/j.gca.2010.08.033
A8: Liu2016 | B8: Taxonomic apparent fractionation | C8: Northern Hemisphere synthesis average εwax-p for monocotyledonous species | D8: -140‰ | E8: study synthesis | G8: 10.1038/srep19711 | H8: https://www.nature.com/articles/srep19711
A9: Liu2016 | B9: Taxonomic apparent fractionation | C9: Northern Hemisphere synthesis average εwax-p for dicotyledonous species | D9: -107‰ | E9: study synthesis | G9: 10.1038/srep19711 | H9: https://www.nature.com/articles/srep19711
A10: Baan2025 | B10: Cross-pathway covariance | C10: Pairwise δ2H relationships among different organic compounds were weak | D10: R² < 0.26 | E10: reported maximum relationship strength | F10: 179 | G10: 10.1111/nph.20430 | H10: https://nph.onlinelibrary.wiley.com/doi/10.1111/nph.20430
A11: Tipple2013 | B11: Timing | C11: Leaf-wax n-alkanes primarily record plant-water conditions during leaf flush | D11: ~2-week formation window | E11: wax remained essentially fixed over following ~19 weeks | G11: 10.1073/pnas.1213875110 | H11: https://www.pnas.org/doi/10.1073/pnas.1213875110
A12: Ardenghi2024 | B12: Field εwax/MAP | C12: C3 graminoid group-average C29/MAP net fractionation | D12: -163 to -175‰ | E12: site/season group averages | G12: 10.3389/feart.2024.1359157 | H12: https://www.frontiersin.org/journals/earth-science/articles/10.3389/feart.2024.1359157/full
A13: Baan2023a | B13: Metabolic sensitivity | C13: Hydrogen-isotope fractionation responds differently among plant compound classes under altered metabolism | D13: compound-specific response | E13: qualitative until supplement import | G13: 10.1016/j/phytochem.2022.113563 | H13: https://www.sciencedirect.com/science/article/pii/S0031942222004794

Sheet Study_Registry
A1: Study_ID | B1: Year | C1: Citation_Short | D1: Species/Scope | E1: Water_Data | F1: Lipid_Data | G1: Homologue_Detail | H1: Controlled_Manipulation | I1: Rows_In_Workbook | J1: DOI | K1: Article_URL | L1: Data_URL
A2: Gao2014 | B2: 2014 | C2: Gao et al. 2014 | D2: 102 vascular plant species | E2: Leaf + xylem water | F2: n-alkanes and n-acids | G2: C27/C29/C31 n-alkanes | H2: Common environment | I2: 102 | J2: 10.1371/journal.pone.0112610 | K2: https://journals.plos.org/plosone/article?id=10.1371/journal.pone.0112610 | L2: https://doi.org/10.1371/journal.pone.0112610.s008
A3: Tipple2015 | B3: 2015 | C3: Tipple et al. 2015 | D3: Populus fremontii; Betula occidentalis | E3: Treatment + modelled leaf water | F3: C29 (Populus), C31 (Betula) | G3: Single dominant homologue per species | H3: 6 source waters × 2 RH treatments | I3: 24 | J3: 10.1111/pce.12457 | K3: https://onlinelibrary.wiley.com/doi/10.1111/pce.12457
A4: Liu2016 | B4: 2016 | C4: Liu et al. 2016 | D4: Monocotyledonous and dicotyledonous higher plants | E4: Measured leaf water in supplementary experiments | F4: C29 n-alkane; compiled n-alkanes | G4: C29 in paired experiments | H4: Within-leaf position; taxonomy | I4: 64 | J4: 10.1038/srep19711 | K4: https://www.nature.com/articles/srep19711 | L4: https://media.springernature.com/original/springer-static/esm/art%3A10.1038%2Fsrep19711/MediaObjects/41598_2016_BFsrep19711_MOESM1_ESM.pdf
A5: Tipple2021_PANGAEA | B5: 2021 | C5: Tipple 2021 PANGAEA | D5: Northern California plant and soil samples | E5: Paired water is in the broader PANGAEA bundle, not this leaf-wax table | F5: C25/C27/C29/C31 n-alkanes | G5: Multi-homologue | H5: Elevation/environmental gradient | I5: 97 | J5: 10.1594/PANGAEA.932017 | K5: https://doi.pangaea.de/10.1594/PANGAEA.932017 | L5: https://doi.pangaea.de/10.1594/PANGAEA.932017
A6: Ardenghi2024 | B6: 2024 | C6: Ardenghi et al. 2024 | D6: 13 fen plant species; two Greek wetlands | E6: Soil/surface/internal water reported in study | F6: C29 and concentration-weighted n-alkanes | G6: C29 + CMWA | H6: Spring/summer; functional groups | I6: 27 | J6: 10.3389/feart.2024.1359157 | K6: https://www.frontiersin.org/journals/earth-science/articles/10.3389/feart.2024.1359157/full | L6: https://www.frontiersin.org/journals/earth-science/articles/10.3389/feart.2024.1359157/full
A7: Lehmann2024 | B7: 2024 | C7: Lehmann et al. 2024 | D7: Nicotiana sylvestris; two experiments | E7: Water isotopes + biochemical/biophysical traits | F7: Leaf n-alkanes + carbohydrates | G7: Dataset includes n-alkanes | H7: N-species fertilization; starch-deficiency knockout | I7: 0 | J7: 10.1126/sciadv.adl3591 | K7: https://www.science.org/doi/10.1126/sciadv.adl3591 | L7: https://doi.org/10.5061/dryad.1zcrjdg04
A8: Feakins2016 | B8: 2016 | C8: Feakins et al. 2016 | D8: 176 individuals; 32 species; five plots | E8: Xylem + leaf water | F8: Leaf wax n-alkanes | G8: C29 emphasized | H8: Elevation/environmental gradient | I8: 0 | J8: 10.1016/j.gca.2016.03.018 | K8: https://doi.org/10.1016/j.gca.2016.03.018
A9: Kahmen2013_I | B9: 2013 | C9: Kahmen et al. 2013 | D9: Five angiosperm species | E9: Source/leaf-water enrichment | F9: Leaf wax n-alkanes | G9: Multiple n-alkanes | H9: Humidity / evaporative enrichment | I9: 0 | J9: 10.1016/j.gca.2012.09.003 | K9: https://doi.org/10.1016/j.gca.2012.09.003
A10: Gamarra2016 | B10: 2016 | C10: Gamarra et al. 2016 | D10: C3 and C4 grasses | E10: Leaf water | F10: Leaf wax n-alkanes | G10: Multiple n-alkanes | H10: Evaporative enrichment / photosynthetic type | I10: 0 | J10: 10.1111/pce.12789 | K10: https://onlinelibrary.wiley.com/doi/10.1111/pce.12789
A11: Baan2025 | B11: 2025 | C11: Baan et al. 2025 | D11: 179 eudicot species plus additional compound subset | E11: Leaf-water/organic-compound context | F11: n-alkanes, cellulose and other plant compounds | G11: Compound-level | H11: Species/phylogeny | I11: 0 | J11: 10.1111/nph.20430 | K11: https://nph.onlinelibrary.wiley.com/doi/10.1111/nph.20430
A12: Tipple2013 | B12: 2013 | C12: Tipple et al. 2013 | D12: Populus angustifolia | E12: Xylem + leaf + stream + atmospheric water | F12: Leaf wax n-alkanes | G12: Time series | H12: Seasonal leaf development | I12: 0 | J12: 10.1073/pnas.1213875110 | K12: https://www.pnas.org/doi/10.1073/pnas.1213875110
A13: Sachse2010 | B13: 2010 | C13: Sachse et al. 2010 | D13: Hordeum vulgare | E13: Soil + leaf water | F13: Leaf wax n-alkanes | G13: Leaf-generation resolved | H13: Season / leaf development | I13: 0 | J13: 10.1016/j.gca.2010.08.033 | K13: https://doi.org/10.1016/j.gca.2010.08.033
A14: McInerney2011 | B14: 2011 | C14: McInerney et al. 2011 | D14: C3 and C4 grasses | E14: Source/plant water context | F14: Leaf wax n-alkanes | G14: High-MW n-alkanes | H14: Transpiration / physiology | I14: 0 | J14: 10.1016/j.gca.2010.10.022 | K14: https://doi.org/10.1016/j.gca.2010.10.022
A15: Zhou2016 | B15: 2016 | C15: Zhou et al. 2016 | D15: C3 and C4 land plants | E15: Plant-water context | F15: Plant lipids | G15: Multiple lipid classes | H15: Photosynthetic pathway | I15: 0 | J15: 10.1111/pce.12821 | K15: https://doi.org/10.1111/pce.12821
A16: Eley2014 | B16: 2014 | C16: Eley et al. 2014 | D16: Coastal saltmarsh plants | E16: Plant-water context | F16: Leaf wax n-alkanes | G16: Multiple n-alkanes | H16: Species/environment | I16: 0 | J16: 10.1016/j.gca.2013.11.045 | K16: https://doi.org/10.1016/j.gca.2013.11.045
A17: Eley2018 | B17: 2018 | C17: Eley et al. 2018 | D17: Saltmarsh plants | E17: Plant-water context | F17: Fatty acids, phytol and comparison with n-alkanes | G17: Compound-specific | H17: Species/environment | I17: 0 | J17: 10.1029/2018JG004403 | K17: https://agupubs.onlinelibrary.wiley.com/doi/full/10.1029/2018JG004403
A18: Baan2023a | B18: 2023 | C18: Baan et al. 2023a | D18: Plant compounds under altered metabolism | E18: Water/biochemical context | F18: Multiple plant compounds including acetogenic lipids | G18: Compound-specific | H18: Metabolic perturbation | I18: 0 | J18: 10.1016/j.phytochem.2022.113563 | K18: https://www.sciencedirect.com/science/article/pii/S0031942222004794
A19: Baan2023b | B19: 2023 | C19: Baan et al. 2023b | D19: Multiple plant species | E19: Plant water / organic compound context | F19: Multiple organic compounds | G19: Compound-specific | H19: Species | I19: 0 | J19: 10.1016/j.gca.2023.04.013 | K19: https://doi.org/10.1016/j.gca.2023.04.013

Sheet Data_Dictionary
A1: Sheet_or_Field | B1: Category | C1: Definition | D1: Units_or_Values
A2: Gao2014_Samples | B2: Dataset | C2: Common-garden 102-species water and lipid isotope dataset | D2: per mil VSMOW
A3: Tipple2015_Treatments | B3: Dataset | C3: Controlled source-water × humidity treatment means | D3: per mil VSMOW
A4: Liu2016_Segmented | B4: Dataset | C4: Paired local leaf-water and C29 δD along leaf blades | D4: per mil VSMOW
A5: Liu2016_WholeLeaf | B5: Dataset | C5: Whole-leaf paired leaf-water and wax δD observations | D5: per mil VSMOW
A6: Tipple2021_PANGAEA | B6: Dataset | C6: Northern California plant multi-homologue leaf-wax data | D6: per mil VSMOW
A7: Ardenghi2024_Epsilon | B7: Dataset | C7: Species-season mean net fractionation relative to MAP | D7: per mil
A8: Eps_*_exact | B8: Derived metric | C8: 1000*((1+δD_product/1000)/(1+δD_water/1000)-1) | D8: per mil
A9: C29_minus_C27 | B9: Derived metric | C9: δD_C29 − δD_C27 | D9: per mil
A10: C31_minus_C29 | B10: Derived metric | C10: δD_C31 − δD_C29 | D10: per mil
A11: Data_Status | B11: Provenance | C11: Evidence/ingestion level | D11: primary row; aggregate; pending
A12: Import_Queue | B12: Provenance | C12: Identified datasets not yet imported | D12: status text
... A15: architect.docx | B15: Model context | C15: Uploaded description of upstream model architecture and validation strategy | D15: document

Sheet Liu2016_Segmented
A1: Study_ID | B1: Species | C1: Family | D1: Plant_Taxonomy | E1: Altitude_m | F1: Segment_Weight_g | G1: LeafWater_dD_permil | H1: C29_n_alkane_dD_permil | I1: Eps_wax_vs_leafwater_reported_permil | J1: Eps_wax_vs_leafwater_exact_permil | K1: DOI | L1: Source_URL | M1: Supplement_URL
A2: Liu2016 | B2: Hierochloe glabra | C2: Poaceae | D2: monocotyledonous | E2: 410 | F2: 0.171 | G2: 37 | H2: -176 | I2: -205 | J2: -205.40019 | K2: 10.1038/srep19711 | L2: https://www.nature.com/articles/srep19711 | M2: https://media.springernature.com/original/springer-static/esm/art%3A10.1038%2Fsrep19711/MediaObjects/41598_2016_BFsrep19711_MOESM1_ESM.pdf
A3: Liu2016 | B3: Hierochloe glabra | C3: Poaceae | D3: monocotyledonous | E3: 410 | F3: 0.231 | G3: 25 | H3: -187 | I3: -207 | J3: -206.82927 | K3: 10.1038/srep19711 | L3: https://www.nature.com/articles/srep19711 | M3: https://media.springernature.com/original/springer-static/esm/art%3A10.1038%2Fsrep19711/MediaObjects/41598_2016_BFsrep19711_MOESM1_ESM.pdf
A4: Liu2016 | B4: Hierochloe glabra | C4: Poaceae | D4: monocotyledonous | E4: 410 | F4: 0.308 | G4: 4 | H4: -204 | I4: -207 | J4: -207.17131 | K4: 10.1038/srep19711 | L4: https://www.nature.com/articles/srep19711 | M4: https://media.springernature.com/original/springer-static/esm/art%3A10.1038%2Fsrep19711/MediaObjects/41598_2016_BFsrep19711_MOESM1_ESM.pdf
A5: Liu2016 | B5: Hierochloe glabra | C5: Poaceae | D5: monocotyledonous | E5: 410 | F5: 0.215 | G5: 35 | H5: -177 | I5: -205 | J5: -204.83092 | K5: 10.1038/srep19711 | L5: https://www.nature.com/articles/srep19711 | M5: https://media.springernature.com/original/springer-static/esm/art%3A10.1038%2Fsrep19711/MediaObjects/41598_2016_BFsrep19711_MOESM1_ESM.pdf
A6: Liu2016 | B6: Hierochloe glabra | C6: Poaceae | D6: monocotyledonous | E6: 410 | F6: 0.335 | G6: 23 | H6: -187 | I6: -205 | J6: -205.27859 | K6: 10.1038/srep19711 | L6: https://www.nature.com/articles/srep19711 | M6: https://media.springernature.com/original/springer-static/esm/art%3A10.1038%2Fsrep19711/MediaObjects/41598_2016_BFsrep19711_MOESM1_ESM.pdf
A7: Liu2016 | B7: Hierochloe glabra | C7: Poaceae | D7: monocotyledonous | E7: 410 | F7: 0.394 | G7: 0 | H7: -208 | I7: -208 | J7: -208 | K7: 10.1038/srep19711 | L7: https://www.nature.com/articles/srep19711 | M7: https://media.springernature.com/original/springer-static/esm/art%3A10.1038%2Fsrep19711/MediaObjects/41598_2016_BFsrep19711_MOESM1_ESM.pdf
A8: Liu2016 | B8: Rheum palmatum L. | C8: Polygonaceae | D8: dicotyledonous | E8: 410 | F8: 0.184 | G8: 9 | H8: -180 | I8: -187 | J8: -187.31417 | K8: 10.1038/srep19711 | L8: https://www.nature.com/articles/srep19711 | M8: https://media.springernature.com/original/springer-static/esm/art%3A10.1038%2Fsrep19711/MediaObjects/41598_2016_BFsrep19711_MOESM1_ESM.pdf
A9: Liu2016 | B9: Rheum palmatum L. | C9: Polygonaceae | D9: dicotyledonous | E9: 410 | F9: 0.416 | G9: 6 | H9: -180 | I9: -185 | J9: -184.89066 | K9: 10.1038/srep19711 | L9: https://www.nature.com/articles/srep19711 | M9: https://media.springernature.com/original/springer-static/esm/art%3A10.1038%2Fsrep19711/MediaObjects/41598_2016_BFsrep19711_MOESM1_ESM.pdf
A10: Liu2016 | B10: Rheum palmatum L. | C10: Polygonaceae | D10: dicotyledonous | E10: 410 | F10: 0.392 | G10: 9 | H10: -180 | I10: -187 | J10: -187.31417 | K10: 10.1038/srep19711 | L10: https://www.nature.com/articles/srep19711 | M10: https://media.springernature.com/original/springer-static/esm/art%3A10.1038%2Fsrep19711/MediaObjects/41598_2016_BFsrep19711_MOESM1_ESM.pdf
A11: Liu2016 | B11: Rheum palmatum L. | C11: Polygonaceae | D11: dicotyledonous | E11: 410 | F11: 0.208 | G11: 7 | H11: -182 | I11: -187 | J11: -187.6862 | K11: 10.1038/srep19711 | L11: https://www.nature.com/articles/srep19711 | M11: https://media.springernature.com/original/springer-static/esm/art%3A10.1038%2Fsrep19711/MediaObjects/41598_2016_BFsrep19711_MOESM1_ESM.pdf
A12: Liu2016 | B12: Rheum palmatum L. | C12: Polygonaceae | D12: dicotyledonous | E12: 410 | F12: 0.309 | G12: 8 | H12: -184 | I12: -191 | J12: -190.47619 | K12: 10.1038/srep19711 | L12: https://www.nature.com/articles/srep19711 | M12: https://media.springernature.com/original/springer-static/esm/art%3A10.1038%2Fsrep19711/MediaObjects/41598_2016_BFsrep19711_MOESM1_ESM.pdf
A13: Liu2016 | B13: Rheum palmatum L. | C13: Polygonaceae | D13: dicotyledonous | E13: 410 | F13: 0.208 | G13: 7 | H13: -183 | I13: -189 | J13: -188.67925 | K13: 10.1038/srep19711 | L13: https://www.nature.com/articles/srep19711 | M13: https://media.springernature.com/original/springer-static/esm/art%3A10.1038%2Fsrep19711/MediaObjects/41598_2016_BFsrep19711_MOESM1_ESM.pdf
... A44: Liu2016 | B44: Populus L. | C44: Salicaceae | D44: dicotyledonous | E44: 371 | F44: 0.713 | G44: -19 | H44: -151 | I44: -134 | J44: -134.55657 | K44: 10.1038/srep19711 | L44: https://www.nature.com/articles/srep19711 | M44: https://media.springernature.com/original/springer-static/esm/art%3A10.1038%2Fsrep19711/MediaObjects/41598_2016_BFsrep19711_MOESM1_ESM.pdf

Sheet Liu2016_WholeLeaf
A1: Study_ID | B1: Species | C1: Location | D1: Altitude_m | E1: Life_Form | F1: Family | G1: Plant_Taxonomy | H1: LeafWater_dD_permil | I1: n_alkane_dD_permil | J1: Eps_wax_vs_leafwater_exact_permil | K1: DOI | L1: Source_URL | M1: Supplement_URL
A2: Liu2016 | B2: Buddleja alternifolia Maxim. | C2: Xi'an | D2: 384 | E2: shrub | F2: Loganiaceae | G2: dicotyledonous | H2: -24 | I2: -159 | J2: -138.31967 | K2: 10.1038/srep19711 | L2: https://www.nature.com/articles/srep19711 | M2: https://media.springernature.com/original/springer-static/esm/art%3A10.1038%2Fsrep19711/MediaObjects/41598_2016_BFsrep19711_MOESM1_ESM.pdf
A3: Liu2016 | B3: Coriaria nepalensis Wall. | C3: Xi'an | D3: 384 | E3: shrub | F3: Coriariaceae | G3: dicotyledonous | H3: -18 | K3: 10.1038/srep19711 | L3: https://www.nature.com/articles/srep19711 | M3: https://media.springernature.com/original/springer-static/esm/art%3A10.1038%2Fsrep19711/MediaObjects/41598_2016_BFsrep19711_MOESM1_ESM.pdf
A4: Liu2016 | B4: Cirsium setosum | C4: Xi'an | D4: 384 | E4: herb | F4: Asteraceae | G4: dicotyledonous | H4: -7 | I4: -173 | J4: -167.17019 | K4: 10.1038/srep19711 | L4: https://www.nature.com/articles/srep19711 | M4: https://media.springernature.com/original/springer-static/esm/art%3A10.1038%2Fsrep19711/MediaObjects/41598_2016_BFsrep19711_MOESM1_ESM.pdf
A5: Liu2016 | B5: Cherry blossom | C5: Xi'an | D5: 384 | E5: tree | F5: Rosaceae | G5: dicotyledonous | H5: -26 | I5: -173 | J5: -150.92402 | K5: 10.1038/srep19711 | L5: https://www.nature.com/articles/srep19711 | M5: https://media.springernature.com/original/springer-static/esm/art%3A10.1038%2Fsrep19711/MediaObjects/41598_2016_BFsrep19711_MOESM1_ESM.pdf
A6: Liu2016 | B6: Swida macrophylla | C6: Xi'an | D6: 384 | E6: tree | F6: Cornaceae | G6: dicotyledonous | H6: -6 | I6: -169 | J6: -163.9839 | K6: 10.1038/srep19711 | L6: https://www.nature.com/articles/srep19711 | M6: https://media.springernature.com/original/springer-static/esm/art%3A10.1038%2Fsrep19711/MediaObjects/41598_2016_BFsrep19711_MOESM1_ESM.pdf
A7: Liu2016 | B7: Ligustrum lucidum Ait | C7: Xi'an | D7: 384 | E7: tree | F7: Oleaceae | G7: dicotyledonous | H7: -15 | I7: -164 | J7: -151.26904 | K7: 10.1038/srep19711 | L7: https://www.nature.com/articles/srep19711 | M7: https://media.springernature.com/original/springer-static/esm/art%3A10.1038%2Fsrep19711/MediaObjects/41598_2016_BFsrep19711_MOESM1_ESM.pdf
A8: Liu2016 | B8: Potentilla kleiniana | C8: Xi'an | D8: 384 | E8: grass | F8: Rosaceae | G8: dicotyledonous | H8: -17 | I8: -156 | J8: -141.40387 | K8: 10.1038/srep19711 | L8: https://www.nature.com/articles/srep19711 | M8: https://media.springernature.com/original/springer-static/esm/art%3A10.1038%2Fsrep19711/MediaObjects/41598_2016_BFsrep19711_MOESM1_ESM.pdf
A9: Liu2016 | B9: Populus tomentosa (0 cm) | C9: Lantian | D9: 619 | E9: tree | F9: Salicaceae | G9: dicotyledonous | H9: -38 | I9: -154 | J9: -120.58212 | K9: 10.1038/srep19711 | L9: https://www.nature.com/articles/srep19711 | M9: https://media.springernature.com/original/springer-static/esm/art%3A10.1038%2Fsrep19711/MediaObjects/41598_2016_BFsrep19711_MOESM1_ESM.pdf
A10: Liu2016 | B10: Populus tomentosa (50 cm) | C10: Lantian | D10: 619 | E10: tree | F10: Salicaceae | G10: dicotyledonous | H10: -47 | I10: -157 | J10: -115.42497 | K10: 10.1038/srep19711 | L10: https://www.nature.com/articles/srep19711 | M10: https://media.springernature.com/original/springer-static/esm/art%3A10.1038%2Fsrep19711/MediaObjects/41598_2016_BFsrep19711_MOESM1_ESM.pdf
A11: Liu2016 | B11: Populus tomentosa (100 cm) | C11: Lantian | D11: 619 | E11: tree | F11: Salicaceae | G11: dicotyledonous | H11: -38 | I11: -161 | J11: -127.85863 | K11: 10.1038/srep19711 | L11: https://www.nature.com/articles/srep19711 | M11: https://media.springernature.com/original/springer-static/esm/art%3A10.1038%2Fsrep19711/MediaObjects/41598_2016_BFsrep19711_MOESM1_ESM.pdf
A12: Liu2016 | B12: Populus tomentosa (200 cm) | C12: Lantian | D12: 619 | E12: tree | F12: Salicaceae | G12: dicotyledonous | H12: -47 | I12: -150 | J12: -108.07975 | K12: 10.1038/srep19711 | L12: https://www.nature.com/articles/srep19711 | M12: https://media.springernature.com/original/springer-static/esm/art%3A10.1038%2Fsrep19711/MediaObjects/41598_2016_BFsrep19711_MOESM1_ESM.pdf
A13: Liu2016 | B13: unidentified (0 cm) | C13: Lantian | D13: 619 | E13: tree | F13: unidentified | G13: dicotyledonous | H13: -34 | I13: -156 | J13: -126.294 | K13: 10.1038/srep19711 | L13: https://www.nature.com/articles/srep19711 | M13: https://media.springernature.com/original/springer-static/esm/art%3A10.1038%2Fsrep19711/MediaObjects/41598_2016_BFsrep19711_MOESM1_ESM.pdf
A14: Liu2016 | B14: unidentified (100 cm) | C14: Lantian | D14: 619 | E14: tree | F14: unidentified | G14: dicotyledonous | H14: -36 | I14: -172 | J14: -141.07884 | K14: 10.1038/srep19711 | L14: https://www.nature.com/articles/srep19711 | M14: https://media.springernature.com/original/springer-static/esm/art%3A10.1038%2Fsrep19711/MediaObjects/41598_2016_BFsrep19711_MOESM1_ESM.pdf
A15: Liu2016 | B15: unidentified (200 cm) | C15: Lantian | D15: 619 | E15: tree | F15: unidentified | G15: dicotyledonous | H15: -40 | I15: -176 | J15: -141.66667 | K15: 10.1038/srep19711 | L15: https://www.nature.com/articles/srep19711 | M15: https://media.springernature.com/original/springer-static/esm/art%3A10.1038%2Fsrep19711/MediaObjects/41598_2016_BFsrep19711_MOESM1_ESM.pdf
... A22: Liu2016 | B22: Agropyron cristatum (L.) Gaertn. | C22: Lantian | D22: 619 | E22: grass | F22: Poaceae | G22: monocotyledonous | H22: -35 | I22: -185 | J22: -155.44041 | K22: 10.1038/srep19711 | L22: https://www.nature.com/articles/srep19711 | M22: https://media.springernature.com/original/springer-static/esm/art%3A10.1038%2Fsrep19711/MediaObjects/41598_2016_BFsrep19711_MOESM1_ESM.pdf

Sheet Tipple2021_PANGAEA
A1: Study_ID | B1: Site | C1: Sample_ID | D1: Sample_Material | E1: C25_dD_permil | F1: C27_dD_permil | G1: C29_dD_permil | H1: C31_dD_permil | I1: C29_minus_C27_permil | J1: C31_minus_C29_permil | K1: Repository_DOI | L1: Source_URL
A2: Tipple2021_PANGAEA | B2: 2 | C2: BTWC-07 | D2: Acer macrophyllum | F2: -123 | G2: -124 | H2: -120 | I2: -1 | J2: 4 | K2: 10.1594/PANGAEA.932017 | L2: https://doi.pangaea.de/10.1594/PANGAEA.932017
A3: Tipple2021_PANGAEA | B3: 3 | C3: BTWC-09 | D3: Acer macrophyllum | F3: -144 | G3: -130 | H3: -112 | I3: 14 | J3: 18 | K3: 10.1594/PANGAEA.932017 | L3: https://doi.pangaea.de/10.1594/PANGAEA.932017
A4: Tipple2021_PANGAEA | B4: 4 | C4: BTWC-12 | D4: Acer macrophyllum | F4: -140 | G4: -128 | H4: -122 | I4: 12 | J4: 6 | K4: 10.1594/PANGAEA.932017 | L4: https://doi.pangaea.de/10.1594/PANGAEA.932017
A5: Tipple2021_PANGAEA | B5: 5 | C5: BTWC-14 | D5: Acer macrophyllum | F5: -147 | G5: -126 | H5: -126 | I5: 21 | J5: 0 | K5: 10.1594/PANGAEA.932017 | L5: https://doi.pangaea.de/10.1594/PANGAEA.932017
A6: Tipple2021_PANGAEA | B6: 6 | C6: BTWC-18 | D6: Acer macrophyllum | F6: -137 | G6: -137 | H6: -139 | I6: 0 | J6: -2 | K6: 10.1594/PANGAEA.932017 | L6: https://doi.pangaea.de/10.1594/PANGAEA.932017
A7: Tipple2021_PANGAEA | B7: 17 | C7: BTWC-48 | D7: Acer macrophyllum | F7: -136 | G7: -130 | H7: -117 | I7: 6 | J7: 13 | K7: 10.1594/PANGAEA.932017 | L7: https://doi.pangaea.de/10.1594/PANGAEA.932017
A8: Tipple2021_PANGAEA | B8: 18 | C8: BTWC-55 | D8: Acer macrophyllum | F8: -152 | G8: -136 | I8: 16 | K8: 10.1594/PANGAEA.932017 | L8: https://doi.pangaea.de/10.1594/PANGAEA.932017
A9: Tipple2021_PANGAEA | B9: 19 | C9: BTWC-58 | D9: Acer macrophyllum | F9: -154 | G9: -139 | H9: -128 | I9: 15 | J9: 11 | K9: 10.1594/PANGAEA.932017 | L9: https://doi.pangaea.de/10.1594/PANGAEA.932017
A10: Tipple2021_PANGAEA | B10: 20 | C10: BTWC-62 | D10: Acer macrophyllum | F10: -160 | G10: -138 | H10: -135 | I10: 22 | J10: 3 | K10: 10.1594/PANGAEA.932017 | L10: https://doi.pangaea.de/10.1594/PANGAEA.932017
A11: Tipple2021_PANGAEA | B11: 50 | C11: BTWC-118 | D11: Acer macrophyllum | F11: -161 | G11: -149 | H11: -140 | I11: 12 | J11: 9 | K11: 10.1594/PANGAEA.932017 | L11: https://doi.pangaea.de/10.1594/PANGAEA.932017
A12: Tipple2021_PANGAEA | B12: 53 | C12: BTWC-126 | D12: Acer macrophyllum | F12: -159 | G12: -151 | I12: 8 | K12: 10.1594/PANGAEA.932017 | L12: https://doi.pangaea.de/10.1594/PANGAEA.932017
A13: Tipple2021_PANGAEA | B13: 72 | C13: BTWC-171 | D13: Acer macrophyllum | F13: -133 | G13: -117 | H13: -106 | I13: 16 | J13: 11 | K13: 10.1594/PANGAEA.932017 | L13: https://doi.pangaea.de/10.1594/PANGAEA.932017
A14: Tipple2021_PANGAEA | B14: 74 | C14: BTWC-175 | D14: Acer macrophyllum | F14: -142 | G14: -147 | H14: -155 | I14: -5 | J14: -8 | K14: 10.1594/PANGAEA.932017 | L14: https://doi.pangaea.de/10.1594/PANGAEA.932017
A15: Tipple2021_PANGAEA | B15: 81 | C15: BTWC-189 | D15: Acer macrophyllum | F15: -139 | G15: -130 | H15: -127 | I15: 9 | J15: 3 | K15: 10.1594/PANGAEA.932017 | L15: https://doi.pangaea.de/10.1594/PANGAEA.932017
A16: Tipple2021_PANGAEA | B16: 1 | C16: BTWC-01 | D16: Alnus rubra | F16: -151 | K16: 10.1594/PANGAEA.932017 | L16: https://doi.pangaea.de/10.1594/PANGAEA.932017
A17: Tipple2021_PANGAEA | B17: 2 | C17: BTWC-04 | D17: Alnus rubra | F17: -135 | G17: -150 | I17: -15 | K17: 10.1594/PANGAEA.932017 | L17: https://doi.pangaea.de/10.1594/PANGAEA.932017
A18: Tipple2021_PANGAEA | B18: 3 | C18: BTWC-08 | D18: Alnus rubra | F18: -144 | G18: -153 | I18: -9 | K18: 10.1594/PANGAEA.932017 | L18: https://doi.pangaea.de/10.1594/PANGAEA.932017
A19: Tipple2021_PANGAEA | B19: 5 | C19: BTWC-13 | D19: Alnus rubra | F19: -155 | G19: -165 | I19: -10 | K19: 10.1594/PANGAEA.932017 | L19: https://doi.pangaea.de/10.1594/PANGAEA.932017
A20: Tipple2021_PANGAEA | B20: 17 | C20: BTWC-47 | D20: Alnus rubra | F20: -167 | G20: -182 | I20: -15 | K20: 10.1594/PANGAEA.932017 | L20: https://doi.pangaea.de/10.1594/PANGAEA.932017
A21: Tipple2021_PANGAEA | B21: 23 | C21: BTWC-71 | D21: Alnus rubra | F21: -203 | K21: 10.1594/PANGAEA.932017 | L21: https://doi.pangaea.de/10.1594/PANGAEA.932017
A22: Tipple2021_PANGAEA | B22: 28 | C22: BTWC-79 | D22: Alnus rubra | F22: -233 | G22: -235 | I22: -2 | K22: 10.1594/PANGAEA.932017 | L22: https://doi.pangaea.de/10.1594/PANGAEA.932017
A23: Tipple2021_PANGAEA | B23: 31 | C23: BTWC-82 | D23: Alnus rubra | F23: -224 | K23: 10.1594/PANGAEA.932017 | L23: https://doi.pangaea.de/10.1594/PANGAEA.932017
A24: Tipple2021_PANGAEA | B24: 32 | C24: BTWC-84 | D24: Alnus rubra | F24: -213 | K24: 10.1594/PANGAEA.932017 | L24: https://doi.pangaea.de/10.1594/PANGAEA.932017
A25: Tipple2021_PANGAEA | B25: 36 | C25: BTWC-91 | D25: Alnus rubra | F25: -221 | K25: 10.1594/PANGAEA.932017 | L25: https://doi.pangaea.de/10.1594/PANGAEA.932017
A26: Tipple2021_PANGAEA | B26: 42 | C26: BTWC-99 | D26: Alnus rubra | F26: -218 | K26: 10.1594/PANGAEA.932017 | L26: https://doi.pangaea.de/10.1594/PANGAEA.932017
A27: Tipple2021_PANGAEA | B27: 49 | C27: BTWC-112 | D27: Alnus rubra | F27: -192 | K27: 10.1594/PANGAEA.932017 | L27: https://doi.pangaea.de/10.1594/PANGAEA.932017
A28: Tipple2021_PANGAEA | B28: 54 | C28: BTWC-128 | D28: Alnus rubra | G28: -181 | K28: 10.1594/PANGAEA.932017 | L28: https://doi.pangaea.de/10.1594/PANGAEA.932017
A29: Tipple2021_PANGAEA | B29: 31 | C29: BTWC-83 | D29: Pinus jeffreyi | F29: -191 | G29: -190 | H29: -186 | I29: 1 | J29: 4 | K29: 10.1594/PANGAEA.932017 | L29: https://doi.pangaea.de/10.1594/PANGAEA.932017
A30: Tipple2021_PANGAEA | B30: 38 | C30: BTWC-93 | D30: Pinus jeffreyi | F30: -174 | G30: -167 | I30: 7 | K30: 10.1594/PANGAEA.932017 | L30: https://doi.pangaea.de/10.1594/PANGAEA.932017
A31: Tipple2021_PANGAEA | B31: 42 | C31: BTWC-101 | D31: Pinus jeffreyi | F31: -195 | G31: -192 | H31: -193 | I31: 3 | J31: -1 | K31: 10.1594/PANGAEA.932017 | L31: https://doi.pangaea.de/10.1594/PANGAEA.932017
A32: Tipple2021_PANGAEA | B32: 44 | C32: BTWC-104 | D32: Pinus jeffreyi | F32: -179 | G32: -177 | H32: -194 | I32: 2 | J32: -17 | K32: 10.1594/PANGAEA.932017 | L32: https://doi.pangaea.de/10.1594/PANGAEA.932017
A33: Tipple2021_PANGAEA | B33: 45 | C33: BTWC-105 | D33: Pinus jeffreyi | F33: -174 | G33: -163 | H33: -163 | I33: 11 | J33: 0 | K33: 10.1594/PANGAEA.932017 | L33: https://doi.pangaea.de/10.1594/PANGAEA.932017
A34: Tipple2021_PANGAEA | B34: 47 | C34: BTWC-109 | D34: Pinus jeffreyi | F34: -200 | G34: -189 | I34: 11 | K34: 10.1594/PANGAEA.932017 | L34: https://doi.pangaea.de/10.1594/PANGAEA.932017
A35: Tipple2021_PANGAEA | B35: 48 | C35: BTWC-111 | D35: Pinus jeffreyi | F35: -177 | G35: -170 | I35: 7 | K35: 10.1594/PANGAEA.932017 | L35: https://doi.pangaea.de/10.1594/PANGAEA.932017
A36: Tipple2021_PANGAEA | B36: 50 | C36: BTWC-116 | D36: Pinus jeffreyi | F36: -172 | G36: -174 | I36: -2 | K36: 10.1594/PANGAEA.932017 | L36: https://doi.pangaea.de/10.1594/PANGAEA.932017
A37: Tipple2021_PANGAEA | B37: 53 | C37: BTWC-125 | D37: Pinus jeffreyi | F37: -168 | G37: -177 | I37: -9 | K37: 10.1594/PANGAEA.932017 | L37: https://doi.pangaea.de/10.1594/PANGAEA.932017
A38: Tipple2021_PANGAEA | B38: 54 | C38: BTWC-130 | D38: Pinus jeffreyi | F38: -157 | G38: -159 | H38: -168 | I38: -2 | J38: -9 | K38: 10.1594/PANGAEA.932017 | L38: https://doi.pangaea.de/10.1594/PANGAEA.932017
A39: Tipple2021_PANGAEA | B39: 55 | C39: BTWC-131 | D39: Pinus jeffreyi | F39: -163 | G39: -157 | H39: -147 | I39: 6 | J39: 10 | K39: 10.1594/PANGAEA.932017 | L39: https://doi.pangaea.de/10.1594/PANGAEA.932017
A40: Tipple2021_PANGAEA | B40: 63 | C40: BTWC-148 | D40: Pinus jeffreyi | F40: -193 | G40: -198 | I40: -5 | K40: 10.1594/PANGAEA.932017 | L40: https://doi.pangaea.de/10.1594/PANGAEA.932017
A41: Tipple2021_PANGAEA | B41: 66 | C41: BTWC-154 | D41: Pinus jeffreyi | F41: -162 | G41: -164 | I41: -2 | K41: 10.1594/PANGAEA.932017 | L41: https://doi.pangaea.de/10.1594/PANGAEA.932017
A42: Tipple2021_PANGAEA | B42: 71 | C42: BTWC-166 | D42: Pinus jeffreyi | F42: -160 | G42: -184 | I42: -24 | K42: 10.1594/PANGAEA.932017 | L42: https://doi.pangaea.de/10.1594/PANGAEA.932017
A43: Tipple2021_PANGAEA | B43: 76 | C43: BTWC-181 | D43: Pinus jeffreyi | F43: -186 | G43: -181 | H43: -183 | I43: 5 | J43: -2 | K43: 10.1594/PANGAEA.932017 | L43: https://doi.pangaea.de/10.1594/PANGAEA.932017
A44: Tipple2021_PANGAEA | B44: 9 | C44: BTWC-24 | D44: Pinus sabineana | E44: -115 | F44: -106 | G44: -141 | I44: -35 | K44: 10.1594/PANGAEA.932017 | L44: https://doi.pangaea.de/10.1594/PANGAEA.932017
A45: Tipple2021_PANGAEA | B45: 13 | C45: BTWC-37 | D45: Pinus sabineana | E45: -169 | F45: -168 | G45: -177 | I45: -9 | K45: 10.1594/PANGAEA.932017 | L45: https://doi.pangaea.de/10.1594/PANGAEA.932017
A46: Tipple2021_PANGAEA | B46: 14 | C46: BTWC-39 | D46: Pinus sabineana | E46: -183 | F46: -181 | K46: 10.1594/PANGAEA.932017 | L46: https://doi.pangaea.de/10.1594/PANGAEA.932017
A47: Tipple2021_PANGAEA | B47: 61 | C47: BTWC-142 | D47: Pinus sabineana | E47: -174 | F47: -163 | G47: -185 | I47: -22 | K47: 10.1594/PANGAEA.932017 | L47: https://doi.pangaea.de/10.1594/PANGAEA.932017
A48: Tipple2021_PANGAEA | B48: 62 | C48: BTWC-144 | D48: Pinus sabineana | E48: -180 | F48: -174 | K48: 10.1594/PANGAEA.932017 | L48: https://doi.pangaea.de/10.1594/PANGAEA.932017
A49: Tipple2021_PANGAEA | B49: 63 | C49: BTWC-146 | D49: Pinus sabineana | E49: -189 | F49: -185 | K49: 10.1594/PANGAEA.932017 | L49: https://doi.pangaea.de/10.1594/PANGAEA.932017
A50: Tipple2021_PANGAEA | B50: 74 | C50: BTWC-176 | D50: Pinus sabineana | E50: -167 | F50: -161 | K50: 10.1594/PANGAEA.932017 | L50: https://doi.pangaea.de/10.1594/PANGAEA.932017
A51: Tipple2021_PANGAEA | B51: 11 | C51: BTWC-32 | D51: Quercus douglasii | F51: -155 | G51: -144 | H51: -157 | I51: 11 | J51: -13 | K51: 10.1594/PANGAEA.932017 | L51: https://doi.pangaea.de/10.1594/PANGAEA.932017
A52: Tipple2021_PANGAEA | B52: 14 | C52: BTWC-40 | D52: Quercus douglasii | F52: -151 | G52: -136 | H52: -127 | I52: 15 | J52: 9 | K52: 10.1594/PANGAEA.932017 | L52: https://doi.pangaea.de/10.1594/PANGAEA.932017
A53: Tipple2021_PANGAEA | B53: 51 | C53: BTWC-119 | D53: Quercus douglasii | F53: -128 | G53: -140 | I53: -12 | K53: 10.1594/PANGAEA.932017 | L53: https://doi.pangaea.de/10.1594/PANGAEA.932017
A54: Tipple2021_PANGAEA | B54: 56 | C54: BTWC-133 | D54: Quercus douglasii | F54: -150 | G54: -141 | H54: -138 | I54: 9 | J54: 3 | K54: 10.1594/PANGAEA.932017 | L54: https://doi.pangaea.de/10.1594/PANGAEA.932017
A55: Tipple2021_PANGAEA | B55: 58 | C55: BTWC-137 | D55: Quercus douglasii | F55: -166 | G55: -138 | H55: -116 | I55: 28 | J55: 22 | K55: 10.1594/PANGAEA.932017 | L55: https://doi.pangaea.de/10.1594/PANGAEA.932017
A56: Tipple2021_PANGAEA | B56: 59 | C56: BTWC-139 | D56: Quercus douglasii | F56: -172 | G56: -143 | H56: -149 | I56: 29 | J56: -6 | K56: 10.1594/PANGAEA.932017 | L56: https://doi.pangaea.de/10.1594/PANGAEA.932017
A57: Tipple2021_PANGAEA | B57: 60 | C57: BTWC-141 | D57: Quercus douglasii | F57: -173 | G57: -155 | H57: -161 | I57: 18 | J57: -6 | K57: 10.1594/PANGAEA.932017 | L57: https://doi.pangaea.de/10.1594/PANGAEA.932017
A58: Tipple2021_PANGAEA | B58: 61 | C58: BTWC-143 | D58: Quercus douglasii | F58: -163 | G58: -145 | H58: -145 | I58: 18 | J58: 0 | K58: 10.1594/PANGAEA.932017 | L58: https://doi.pangaea.de/10.1594/PANGAEA.932017
A59: Tipple2021_PANGAEA | B59: 73 | C59: BTWC-172 | D59: Quercus douglasii | F59: -167 | G59: -145 | H59: -138 | I59: 22 | J59: 7 | K59: 10.1594/PANGAEA.932017 | L59: https://doi.pangaea.de/10.1594/PANGAEA.932017
A60: Tipple2021_PANGAEA | B60: 5 | C60: BTWC-17 | D60: Quercus kellogii | F60: -163 | G60: -166 | I60: -3 | K60: 10.1594/PANGAEA.932017 | L60: https://doi.pangaea.de/10.1594/PANGAEA.932017
A61: Tipple2021_PANGAEA | B61: 7 | C61: BTWC-19 | D61: Quercus kellogii | F61: -163 | G61: -173 | I61: -10 | K61: 10.1594/PANGAEA.932017 | L61: https://doi.pangaea.de/10.1594/PANGAEA.932017
A62: Tipple2021_PANGAEA | B62: 15 | C62: BTWC-41 | D62: Quercus kellogii | F62: -154 | G62: -154 | I62: 0 | K62: 10.1594/PANGAEA.932017 | L62: https://doi.pangaea.de/10.1594/PANGAEA.932017
A63: Tipple2021_PANGAEA | B63: 16 | C63: BTWC-45 | D63: Quercus kellogii | F63: -180 | G63: -193 | I63: -13 | K63: 10.1594/PANGAEA.932017 | L63: https://doi.pangaea.de/10.1594/PANGAEA.932017
A64: Tipple2021_PANGAEA | B64: 18 | C64: BTWC-52 | D64: Quercus kellogii | F64: -183 | G64: -186 | I64: -3 | K64: 10.1594/PANGAEA.932017 | L64: https://doi.pangaea.de/10.1594/PANGAEA.932017
A65: Tipple2021_PANGAEA | B65: 19 | C65: BTWC-56 | D65: Quercus kellogii | F65: -178 | G65: -187 | I65: -9 | K65: 10.1594/PANGAEA.932017 | L65: https://doi.pangaea.de/10.1594/PANGAEA.932017
A66: Tipple2021_PANGAEA | B66: 20 | C66: BTWC-60 | D66: Quercus kellogii | F66: -189 | G66: -195 | I66: -6 | K66: 10.1594/PANGAEA.932017 | L66: https://doi.pangaea.de/10.1594/PANGAEA.932017
A67: Tipple2021_PANGAEA | B67: 21 | C67: BTWC-66 | D67: Quercus kellogii | F67: -191 | G67: -202 | I67: -11 | K67: 10.1594/PANGAEA.932017 | L67: https://doi.pangaea.de/10.1594/PANGAEA.932017
A68: Tipple2021_PANGAEA | B68: 22 | C68: BTWC-68 | D68: Quercus kellogii | F68: -192 | G68: -204 | I68: -12 | K68: 10.1594/PANGAEA.932017 | L68: https://doi.pangaea.de/10.1594/PANGAEA.932017
A69: Tipple2021_PANGAEA | B69: 39 | C69: BTWC-95 | D69: Quercus kellogii | G69: -214 | K69: 10.1594/PANGAEA.932017 | L69: https://doi.pangaea.de/10.1594/PANGAEA.932017
A70: Tipple2021_PANGAEA | B70: 42 | C70: BTWC-100 | D70: Quercus kellogii | F70: -203 | G70: -198 | I70: 5 | K70: 10.1594/PANGAEA.932017 | L70: https://doi.pangaea.de/10.1594/PANGAEA.932017
A71: Tipple2021_PANGAEA | B71: 50 | C71: BTWC-115 | D71: Quercus kellogii | F71: -194 | G71: -189 | I71: 5 | K71: 10.1594/PANGAEA.932017 | L71: https://doi.pangaea.de/10.1594/PANGAEA.932017
A72: Tipple2021_PANGAEA | B72: 51 | C72: BTWC-120 | D72: Quercus kellogii | F72: -185 | G72: -179 | I72: 6 | K72: 10.1594/PANGAEA.932017 | L72: https://doi.pangaea.de/10.1594/PANGAEA.932017
A73: Tipple2021_PANGAEA | B73: 53 | C73: BTWC-124 | D73: Quercus kellogii | F73: -199 | G73: -202 | I73: -3 | K73: 10.1594/PANGAEA.932017 | L73: https://doi.pangaea.de/10.1594/PANGAEA.932017
A74: Tipple2021_PANGAEA | B74: 54 | C74: BTWC-129 | D74: Quercus kellogii | G74: -189 | K74: 10.1594/PANGAEA.932017 | L74: https://doi.pangaea.de/10.1594/PANGAEA.932017
A75: Tipple2021_PANGAEA | B75: 55 | C75: BTWC-132 | D75: Quercus kellogii | F75: -176 | G75: -169 | I75: 7 | K75: 10.1594/PANGAEA.932017 | L75: https://doi.pangaea.de/10.1594/PANGAEA.932017
A76: Tipple2021_PANGAEA | B76: 63 | C76: BTWC-145 | D76: Quercus kellogii | F76: -186 | G76: -193 | I76: -7 | K76: 10.1594/PANGAEA.932017 | L76: https://doi.pangaea.de/10.1594/PANGAEA.932017
A77: Tipple2021_PANGAEA | B77: 64 | C77: BTWC-149 | D77: Quercus kellogii | F77: -193 | G77: -221 | I77: -28 | K77: 10.1594/PANGAEA.932017 | L77: https://doi.pangaea.de/10.1594/PANGAEA.932017
A78: Tipple2021_PANGAEA | B78: 71 | C78: BTWC-167 | D78: Quercus kellogii | F78: -184 | G78: -196 | I78: -12 | K78: 10.1594/PANGAEA.932017 | L78: https://doi.pangaea.de/10.1594/PANGAEA.932017
A79: Tipple2021_PANGAEA | B79: 75 | C79: BTWC-179 | D79: Quercus kellogii | F79: -179 | G79: -162 | I79: 17 | K79: 10.1594/PANGAEA.932017 | L79: https://doi.pangaea.de/10.1594/PANGAEA.932017
A80: Tipple2021_PANGAEA | B80: 5 | C80: BTWC-15 | D80: Quercus lobata | F80: -130 | G80: -121 | H80: -125 | I80: 9 | J80: -4 | K80: 10.1594/PANGAEA.932017 | L80: https://doi.pangaea.de/10.1594/PANGAEA.932017
A81: Tipple2021_PANGAEA | B81: 10 | C81: BTWC-26 | D81: Quercus lobata | F81: -150 | G81: -146 | I81: 4 | K81: 10.1594/PANGAEA.932017 | L81: https://doi.pangaea.de/10.1594/PANGAEA.932017
A82: Tipple2021_PANGAEA | B82: 12 | C82: BTWC-33 | D82: Quercus lobata | F82: -146 | G82: -136 | H82: -144 | I82: 10 | J82: -8 | K82: 10.1594/PANGAEA.932017 | L82: https://doi.pangaea.de/10.1594/PANGAEA.932017
A83: Tipple2021_PANGAEA | B83: 13 | C83: BTWC-36 | D83: Quercus lobata | F83: -131 | G83: -121 | H83: -137 | I83: 10 | J83: -16 | K83: 10.1594/PANGAEA.932017 | L83: https://doi.pangaea.de/10.1594/PANGAEA.932017
A84: Tipple2021_PANGAEA | B84: 14 | C84: BTWC-38 | D84: Quercus lobata | F84: -130 | G84: -122 | H84: -125 | I84: 8 | J84: -3 | K84: 10.1594/PANGAEA.932017 | L84: https://doi.pangaea.de/10.1594/PANGAEA.932017
A85: Tipple2021_PANGAEA | B85: 17 | C85: BTWC-51 | D85: Quercus lobata | F85: -138 | G85: -113 | H85: -110 | I85: 25 | J85: 3 | K85: 10.1594/PANGAEA.932017 | L85: https://doi.pangaea.de/10.1594/PANGAEA.932017
A86: Tipple2021_PANGAEA | B86: 17 | C86: BTWC-49 | D86: Quercus lobata | F86: -101 | G86: -79 | H86: -93 | I86: 22 | J86: -14 | K86: 10.1594/PANGAEA.932017 | L86: https://doi.pangaea.de/10.1594/PANGAEA.932017
A87: Tipple2021_PANGAEA | B87: 18 | C87: BTWC-54 | D87: Quercus lobata | F87: -192 | G87: -197 | I87: -5 | K87: 10.1594/PANGAEA.932017 | L87: https://doi.pangaea.de/10.1594/PANGAEA.932017
A88: Tipple2021_PANGAEA | B88: 19 | C88: BTWC-59 | D88: Quercus lobata | F88: -190 | G88: -211 | I88: -21 | K88: 10.1594/PANGAEA.932017 | L88: https://doi.pangaea.de/10.1594/PANGAEA.932017
A89: Tipple2021_PANGAEA | B89: 59 | C89: BTWC-138 | D89: Quercus lobata | F89: -157 | G89: -136 | H89: -156 | I89: 21 | J89: -20 | K89: 10.1594/PANGAEA.932017 | L89: https://doi.pangaea.de/10.1594/PANGAEA.932017
A90: Tipple2021_PANGAEA | B90: 65 | C90: BTWC-151 | D90: Quercus lobata | F90: -125 | G90: -122 | H90: -129 | I90: 3 | J90: -7 | K90: 10.1594/PANGAEA.932017 | L90: https://doi.pangaea.de/10.1594/PANGAEA.932017
A91: Tipple2021_PANGAEA | B91: 66 | C91: BTWC-155 | D91: Quercus lobata | F91: -140 | G91: -138 | I91: 2 | K91: 10.1594/PANGAEA.932017 | L91: https://doi.pangaea.de/10.1594/PANGAEA.932017
A92: Tipple2021_PANGAEA | B92: 67 | C92: BTWC-156 | D92: Quercus lobata | F92: -127 | G92: -126 | H92: -122 | I92: 1 | J92: 4 | K92: 10.1594/PANGAEA.932017 | L92: https://doi.pangaea.de/10.1594/PANGAEA.932017
A93: Tipple2021_PANGAEA | B93: 68 | C93: BTWC-161 | D93: Quercus lobata | F93: -145 | G93: -140 | H93: -138 | I93: 5 | J93: 2 | K93: 10.1594/PANGAEA.932017 | L93: https://doi.pangaea.de/10.1594/PANGAEA.932017
A94: Tipple2021_PANGAEA | B94: 69 | C94: BTWC-162 | D94: Quercus lobata | F94: -152 | G94: -151 | H94: -134 | I94: 1 | J94: 17 | K94: 10.1594/PANGAEA.932017 | L94: https://doi.pangaea.de/10.1594/PANGAEA.932017
A95: Tipple2021_PANGAEA | B95: 72 | C95: BTWC-170 | D95: Quercus lobata | F95: -140 | G95: -130 | H95: -124 | I95: 10 | J95: 6 | K95: 10.1594/PANGAEA.932017 | L95: https://doi.pangaea.de/10.1594/PANGAEA.932017
A96: Tipple2021_PANGAEA | B96: 74 | C96: BTWC-173 | D96: Quercus lobata | F96: -116 | G96: -114 | H96: -99 | I96: 2 | J96: 15 | K96: 10.1594/PANGAEA.932017 | L96: https://doi.pangaea.de/10.1594/PANGAEA.932017
A97: Tipple2021_PANGAEA | B97: 76 | C97: BTWC-182 | D97: Quercus lobata | F97: -133 | G97: -140 | H97: -133 | I97: -7 | J97: 7 | K97: 10.1594/PANGAEA.932017 | L97: https://doi.pangaea.de/10.1594/PANGAEA.932017
A98: Tipple2021_PANGAEA | B98: 77 | C98: BTWC-183 | D98: Quercus lobata | F98: -134 | G98: -132 | H98: -127 | I98: 2 | J98: 5 | K98: 10.1594/PANGAEA.932017 | L98: https://doi.pangaea.de/10.1594/PANGAEA.932017

Sheet Ardenghi2024_Epsilon
A1: Study_ID | B1: Site | C1: Functional_Group | D1: Species | E1: Season | F1: Eps_C29_vs_MAP_mean_permil | G1: Eps_C29_vs_MAP_SD_permil | H1: n_C29 | I1: Eps_CMWA_vs_MAP_mean_permil | J1: Eps_CMWA_vs_MAP_SD_permil | K1: n_CMWA | L1: DOI | M1: Source_URL
A2: Ardenghi2024 | B2: Nisí fen | C2: C3 forb | D2: C. palustris | E2: spring | F2: -155 | G2: 2 | H2: 3 | I2: -155 | J2: 2 | K2: 3 | L2: 10.3389/feart.2024.1359157 | M2: https://www.frontiersin.org/journals/earth-science/articles/10.3389/feart.2024.1359157/full
A3: Ardenghi2024 | B3: Nisí fen | C3: C3 forb | D3: C. palustris | E3: summer | F3: -147 | G3: 8 | H3: 3 | I3: -143 | J3: 12 | K3: 3 | L3: 10.3389/feart.2024.1359157 | M3: https://www.frontiersin.org/journals/earth-science/articles/10.3389/feart.2024.1359157/full
A4: Ardenghi2024 | B4: Nisí fen | C4: C3 forb | D4: G. uliginosum | E4: summer | F4: -92 | G4: 3 | H4: 3 | I4: -96 | J4: 4 | K4: 3 | L4: 10.3389/feart.2024.1359157 | M4: https://www.frontiersin.org/journals/earth-science/articles/10.3389/feart.2024.1359157/full
A5: Ardenghi2024 | B5: Nisí fen | C5: C3 forb | D5: L. salicaria | E5: summer | F5: -151 | G5: 33 | H5: 3 | I5: -144 | J5: 26 | K5: 3 | L5: 10.3389/feart.2024.1359157 | M5: https://www.frontiersin.org/journals/earth-science/articles/10.3389/feart.2024.1359157/full
A6: Ardenghi2024 | B6: Nisí fen | C6: C3 forb | D6: M. aquatica | E6: spring | F6: -177 | G6: 7 | H6: 3 | I6: -179 | J6: 8 | K6: 3 | L6: 10.3389/feart.2024.1359157 | M6: https://www.frontiersin.org/journals/earth-science/articles/10.3389/feart.2024.1359157/full
A7: Ardenghi2024 | B7: Nisí fen | C7: C3 forb | D7: M. aquatica | E7: summer | F7: -166 | G7: 15 | H7: 4 | I7: -148 | J7: 10 | K7: 4 | L7: 10.3389/feart.2024.1359157 | M7: https://www.frontiersin.org/journals/earth-science/articles/10.3389/feart.2024.1359157/full
A8: Ardenghi2024 | B8: Nisí fen | C8: C3 forb | D8: S. palustris | E8: spring | F8: -151 | G8: 4 | H8: 3 | I8: -152 | J8: 5 | K8: 3 | L8: 10.3389/feart.2024.1359157 | M8: https://www.frontiersin.org/journals/earth-science/articles/10.3389/feart.2024.1359157/full
A9: Ardenghi2024 | B9: Nisí fen | C9: C3 forb | D9: S. palustris | E9: summer | F9: -171 | G9: 8 | H9: 3 | I9: -162 | J9: 5 | K9: 3 | L9: 10.3389/feart.2024.1359157 | M9: https://www.frontiersin.org/journals/earth-science/articles/10.3389/feart.2024.1359157/full
A10: Ardenghi2024 | B10: Nisí fen | C10: C3 graminoid | D10: C. riparia | E10: spring | F10: -156 | G10: 38 | H10: 6 | I10: -154 | J10: 35 | K10: 6 | L10: 10.3389/feart.2024.1359157 | M10: https://www.frontiersin.org/journals/earth-science/articles/10.3389/feart.2024.1359157/full
A11: Ardenghi2024 | B11: Nisí fen | C11: C3 graminoid | D11: C. riparia | E11: summer | F11: -169 | G11: 11 | H11: 7 | I11: -168 | J11: 10 | K11: 7 | L11: 10.3389/feart.2024.1359157 | M11: https://www.frontiersin.org/journals/earth-science/articles/10.3389/feart.2024.1359157/full
A12: Ardenghi2024 | B12: Nisí fen | C12: C3 graminoid | D12: C. mariscus | E12: spring | F12: -214 | G12: 20 | H12: 6 | I12: -214 | J12: 19 | K12: 6 | L12: 10.3389/feart.2024.1359157 | M12: https://www.frontiersin.org/journals/earth-science/articles/10.3389/feart.2024.1359157/full
A13: Ardenghi2024 | B13: Nisí fen | C13: C3 graminoid | D13: C. mariscus | E13: summer | F13: -207 | G13: 5 | H13: 3 | I13: -205 | J13: 7 | K13: 3 | L13: 10.3389/feart.2024.1359157 | M13: https://www.frontiersin.org/journals/earth-science/articles/10.3389/feart.2024.1359157/full
... A28: Ardenghi2024 | B28: Tenaghi Philippon | C28: C4 graminoid | D28: C. longus | E28: spring | F28: -142 | G28: 2 | H28: 3 | I28: -138 | J28: 4 | K28: 3 | L28: 10.3389/feart.2024.1359157 | M28: https://www.frontiersin.org/journals/earth-science/articles/10.3389/feart.2024.1359157/full
